PLAYER,TEAM,POSITION,GAMES_PLAYED,RANK_FPTS_PG,IS_TOP_12,IS_TOP_24,TOTAL_FPTS,TOTAL_FPTS_HALF,TOTAL_FPTS_STD,TOTAL_TGT,TOTAL_REC,TOTAL_REC_YARDS,TOTAL_REC_TD,TOTAL_ATT,TOTAL_RUSH_YARDS,TOTAL_RUSH_TD,TOTAL_OPP,TOTAL_AIR,TOTAL_YAC,TOTAL_CATCHABLE,TOTAL_RZ_TGT,TOTAL_RZ_ATT,TOTAL_RZ_OPP,FPTS_PER_GAME,FPTS_HALF_PER_GAME,FPTS_STD_PER_GAME,TGT_PER_GAME,REC_PER_GAME,ATT_PER_GAME,OPP_PER_GAME,SNAP_PCT_AVG,OPP_SHARE_AVG,RZ_TGT_PER_GAME,RZ_OPP_PER_GAME,FPTS_AVG_L3,FPTS_HALF_AVG_L3,FPTS_STD_AVG_L3,FPTS_AVG_L5,FPTS_HALF_AVG_L5,FPTS_STD_AVG_L5,TGT_AVG_L3,TGT_AVG_L5,OPP_SHARE_L3,ATT_AVG_L3,OPP_AVG_L3,SNAP_PCT_AVG_L3,RZ_TGT_AVG_L3,FPTS_MOMENTUM_3,FPTS_HALF_MOMENTUM_3,FPTS_STD_MOMENTUM_3,TGT_MOMENTUM_3,SNAP_PCT_MOMENTUM_3,OPP_MOMENTUM_3,FPTS_STD_DEV,FPTS_CV,FPTS_FLOOR_L3,FPTS_FLOOR_L5,FPTS_CEILING_L3,FPTS_CEILING_L5,BOOM_GAMES,BUST_GAMES,GHOST_RATE,CATCH_RATE,YAC_PER_REC,YARDS_PER_TGT,FPTS_PER_TGT,FPTS_PER_OPP,VS_TOP24_FPTS_PG,VS_TOP24_TGT_PG,VS_TOP24_SNAP_PCT,VS_TOP24_OPP_SHARE,TOTAL_TDS,TD_RATE,TD_DEPENDENCY,FPTS_Q1,FPTS_Q2,FPTS_Q3,FPTS_Q4,LATEST_WEEK,LATEST_FPTS,LATEST_TGT,LATEST_SNAP_PCT,LATEST_TGT_SHARE,LATEST_OPP_SHARE,TGT_SHARE_L5,NEXT_OPPONENT,NEXT_IS_HOME,MISMATCH_COUNT,PRS_SNAP,PRS_VOLUME,PRS_PERF,PRS_TREND,PRS_COMPOSITE,PRS_TIER,RB_ZONE_PCT,RB_GAP_PCT,RB_SCHEME,PCT_RANK_FPTS,PCT_RANK_TGT,PCT_RANK_SNAP,TIER,TIER_LABEL,VS_TOP12_FPTS,VS_TOP24_FPTS,VS_POS_AVG_FPTS,PAST_SOS,ROS_SOS,HARD_MATCHUPS_PAST,EASY_MATCHUPS_PAST,HARD_MATCHUPS_ROS,EASY_MATCHUPS_ROS,ROS_INCLUDES_BYE,BUY_LOW_SCORE,SELL_HIGH_SCORE,BUY_LOW,SELL_HIGH,BUY_SELL_SIGNAL,BUY_SELL_REASON,NEXT_OPP_RANK,NEXT_OPP_WEEK,NEXT_OPP_IS_LOOKAHEAD,MATCHUP_BOOST,MATCHUP_CONCERN,MATCHUP_SMASH,FUNNEL_BOOST,FUNNEL_CONCERN,SCHEME_BOOST,SCHEME_CONCERN,SIGNAL,SIGNAL_CONFIDENCE,SIGNAL_CONTEXT,BREAKOUT_CANDIDATE,BUST_RISK
A.J. Dillon,PHI,RB,6,93.0,False,False,7.8,6.8,5.8,2.0,2.0,18.0,0.0,12.0,60.0,0.0,14.0,,,,0.0,2.0,2.0,1.3,1.13,0.97,0.33,0.33,2.0,2.33,13.33,4.92,0.0,0.33,1.63,1.3,0.97,1.36,1.16,0.96,0.67,0.4,5.85,2.0,2.67,14.33,0.0,0.67,0.33,0.0,0.67,2.0,0.67,0.68,52.55,1.2,0.0,2.0,2.0,0,6,100.0,100.0,0.0,9.0,3.9,0.56,-15.32,-3.52,-52.15,-30.93,0.0,0.0,0.0,0.97,1.63,,,6,2.0,2.0,14.0,0,6.67,1.25,CHI,True,0,96.5,51.8,73.5,73.9,73.9,Reliable,,,,29.4,26.2,32.3,3,RB3,-93.4,-92.2,-78.5,15.0,26.0,3,2,0,5,False,0,0,False,False,,,27.0,13.0,False,True,False,False,False,False,,,HOLD,60.0,Hold: good matchup vs CHI,False,False
Aaron Jones Sr.,MIN,RB,7,30.0,False,False,70.5,62.5,54.5,26.0,16.0,128.0,1.0,61.0,297.0,1.0,87.0,,,,4.0,5.0,9.0,10.07,8.93,7.79,3.71,2.29,8.71,12.43,56.0,27.63,0.57,1.29,11.9,10.4,8.9,10.5,9.2,7.9,5.33,4.4,34.88,11.33,16.67,68.0,1.0,5.53,4.7,3.87,3.0,22.0,8.0,4.75,47.13,8.7,5.0,15.9,15.9,2,2,28.57,61.54,0.0,4.92,2.71,0.81,-6.55,-0.14,-9.49,-8.22,2.0,0.29,17.02,9.0,,8.4,11.9,12,8.7,4.0,66.0,0,36.11,15.53,SEA,False,0,36.0,64.9,80.5,77.3,64.7,Average,,,,79.4,91.5,83.0,1,RB1,-48.5,-39.4,66.7,18.9,18.5,1,3,2,3,False,3,2,False,False,,,3.0,13.0,False,False,True,False,False,True,,,BUY,55.0,"Speculative buy: tough matchup vs SEA, unfavorable game script",False,False
Adam Prentice,DEN,RB,11,103.0,False,False,7.8,6.3,4.8,5.0,3.0,31.0,0.0,4.0,17.0,0.0,9.0,,,,2.0,2.0,4.0,0.71,0.57,0.44,0.45,0.27,0.36,0.82,15.09,1.45,0.18,0.36,1.63,1.3,0.97,0.98,0.78,0.58,1.0,0.8,2.56,0.33,1.33,21.0,0.33,1.53,1.2,0.87,0.67,6.67,0.67,0.87,123.3,0.2,0.0,2.4,2.4,0,11,100.0,60.0,0.0,6.2,1.56,0.87,-15.91,-3.4,-50.4,-34.4,0.0,0.0,0.0,0.47,0.5,0.07,2.35,11,2.4,2.0,31.0,0,3.77,2.3,WAS,False,0,80.7,33.3,19.5,100.0,58.4,Average,25.0,0.0,BALANCED,19.9,27.0,35.5,4,FLEX,-96.4,-95.7,-88.2,18.8,15.0,3,5,2,2,False,0,0,False,False,,,29.0,13.0,False,True,False,True,False,False,True,False,BUY,85.0,"Strong buy: smash spot vs WAS, scheme fit",False,False
Alec Ingold,MIA,RB,11,100.0,False,False,9.5,7.0,4.5,7.0,5.0,36.0,0.0,2.0,9.0,0.0,9.0,,,,0.0,1.0,1.0,0.86,0.64,0.41,0.64,0.45,0.18,0.82,36.0,1.68,0.0,0.09,0.2,0.2,0.2,0.32,0.22,0.12,0.0,0.2,0.65,0.33,0.33,33.33,0.0,-1.3,-0.97,-0.63,-0.67,-3.67,-0.67,1.26,146.07,0.0,0.0,0.6,1.0,0,11,100.0,71.43,0.0,5.14,1.36,1.06,-15.76,-3.21,-29.49,-34.17,0.0,0.0,0.0,1.47,1.17,0.33,0.3,11,0.0,0.0,41.0,0,0.0,0.74,NO,True,0,57.0,15.8,11.5,3.4,21.9,Risky,0.0,0.0,BALANCED,23.4,33.0,62.4,4,FLEX,-95.6,-94.8,-85.8,19.5,16.7,2,5,1,1,False,0,0,False,False,,,22.0,13.0,False,False,False,False,True,False,True,False,HOLD,65.0,"Hold: scheme fit, favorable game script",False,False
Alvin Kamara,NO,RB,11,38.0,False,False,100.7,84.2,67.7,39.0,33.0,186.0,0.0,131.0,471.0,1.0,170.0,,,,5.0,15.0,20.0,9.15,7.65,6.15,3.55,3.0,11.91,15.45,63.73,28.33,0.45,1.82,6.23,5.23,4.23,6.22,5.12,4.02,2.67,2.6,24.84,10.33,13.0,45.33,0.0,-2.1,-1.43,-0.77,-0.67,-20.33,0.67,4.67,51.01,0.7,0.7,14.5,14.5,1,5,45.45,84.62,0.0,4.77,2.58,0.59,-7.47,-0.3,-1.76,-7.52,1.0,0.09,5.96,12.1,11.1,4.37,9.0,12,3.5,2.0,14.0,0,7.81,8.47,MIA,False,0,7.9,61.4,77.9,31.8,44.8,Volatile,60.0,37.0,BALANCED,73.0,90.4,90.8,2,RB2,-53.2,-45.0,51.5,17.5,22.0,4,4,0,3,False,5,1,True,False,BUY,L3 at 68% of avg | 4 hard past | 3 easy ROS,25.0,13.0,False,True,False,False,True,False,False,False,SELL,75.0,"Sell: good matchup vs MIA, favorable game script",False,False
Amar Johnson,LAC,RB,1,,False,False,0.8,0.8,0.8,1.0,0.0,0.0,0.0,2.0,8.0,0.0,3.0,,,,0.0,0.0,0.0,0.8,0.8,0.8,1.0,0.0,2.0,3.0,8.0,8.82,0.0,0.0,,,,,,,,,,,,,,,,,,,,,,,,,,0,1,100.0,0.0,,0.0,0.8,0.27,-15.82,-2.85,-57.49,-27.03,0.0,0.0,0.0,,,,0.8,11,0.8,1.0,8.0,0,8.82,4.17,LV,True,0,,,,,,Insufficient Data,0.0,50.0,BALANCED,21.3,47.5,18.4,4,FLEX,-95.9,-95.2,-86.8,2.0,12.0,1,0,3,1,False,0,0,False,False,,,17.0,13.0,False,False,False,False,False,False,False,False,,,,False,False
Ameer Abdullah,IND,RB,7,81.0,False,False,18.0,15.5,13.0,6.0,5.0,30.0,0.0,8.0,40.0,1.0,14.0,,,,1.0,2.0,3.0,2.57,2.21,1.86,0.86,0.71,1.14,2.0,8.57,3.92,0.14,0.43,1.1,0.77,0.43,1.76,1.36,0.96,1.0,1.0,2.32,0.33,1.33,6.67,0.0,-1.6,-1.43,-1.27,0.0,-4.0,-1.33,1.94,75.6,0.0,0.0,1.8,3.7,0,7,100.0,83.33,0.0,5.0,3.0,1.29,-14.05,-2.99,-56.92,-31.93,1.0,0.14,33.33,,4.6,2.33,0.9,12,0.0,1.0,8.0,0,2.13,3.17,HOU,True,0,92.1,66.7,54.0,10.2,55.8,Average,75.0,25.0,ZONE,39.7,40.8,19.9,3,RB3,-86.9,-84.5,-57.4,17.6,4.0,1,2,6,0,False,0,0,False,False,,,5.0,13.0,False,False,True,False,False,False,False,True,SELL,40.0,"Consider selling: tough matchup vs HOU, scheme mismatch",False,True
Andrew Beck,NYJ,RB,4,114.0,False,False,0.0,-2.0,-4.0,5.0,4.0,26.0,1.0,0.0,0.0,0.0,5.0,,,,0.0,0.0,0.0,0.0,-0.5,-1.0,1.25,1.0,0.0,1.25,0.0,2.38,0.0,0.0,0.0,-0.5,-1.0,,,,1.0,,2.08,0.0,1.0,0.0,0.0,,,,,,,0.0,0.0,0.0,,0.0,,0,4,100.0,80.0,0.0,5.2,0.0,0.0,-16.62,-2.6,-65.49,-33.47,1.0,0.25,0.0,,0.0,0.0,0.0,12,0.0,1.0,0.0,0,2.04,4.26,ATL,True,0,99.1,68.0,,,83.6,Reliable,,,,5.7,55.3,1.8,5,BENCH,-100.0,-100.0,-100.0,18.0,16.5,1,2,2,2,False,0,0,False,False,,,18.0,13.0,False,False,False,False,True,False,,,HOLD,55.0,Hold: favorable game script,False,False
Antonio Gibson,NE,RB,5,62.0,False,False,23.2,22.2,21.2,3.0,2.0,6.0,0.0,25.0,106.0,1.0,28.0,,,,0.0,4.0,4.0,4.64,4.44,4.24,0.6,0.4,5.0,5.6,16.6,11.75,0.0,0.8,4.37,4.2,4.03,4.64,4.44,4.24,0.33,0.6,13.99,6.33,6.67,19.67,0.0,,,,,,,3.94,85.0,0.8,0.3,8.7,9.8,0,3,60.0,66.67,0.0,2.0,7.73,0.83,-11.98,-3.25,-48.89,-24.1,1.0,0.2,25.86,3.63,6.15,,,5,3.6,1.0,15.0,0,14.89,1.94,NYG,True,0,81.6,70.2,38.1,,63.3,Average,52.0,36.0,BALANCED,54.6,31.6,37.6,2,RB2,-76.3,-72.1,-23.2,22.6,24.4,0,3,0,3,True,0,0,False,False,,,32.0,13.0,False,True,False,True,False,False,True,False,HOLD,75.0,"Hold - must start: smash spot vs NYG, scheme fit",False,False
Ashton Jeanty,LV,RB,11,13.0,False,True,165.5,147.0,128.5,46.0,37.0,221.0,4.0,166.0,604.0,4.0,212.0,,,,16.0,45.0,61.0,15.05,13.36,11.68,4.18,3.36,15.09,19.27,74.18,38.18,1.45,5.55,16.5,13.67,10.83,14.76,12.46,10.16,7.0,5.4,40.84,14.0,21.0,80.33,3.0,2.87,1.37,-0.13,3.67,2.67,3.67,8.27,54.95,9.4,4.4,24.8,24.8,6,3,27.27,80.43,0.0,4.8,3.6,0.78,-1.58,0.33,8.69,2.33,8.0,0.73,29.0,8.57,22.0,12.15,16.5,12,24.8,8.0,81.0,0,41.67,15.72,LAC,False,0,27.2,76.3,72.6,64.8,60.2,Average,60.0,36.0,BALANCED,91.5,94.3,95.7,1,RB1,-23.1,-9.5,149.2,14.6,14.3,5,5,3,2,False,2,2,False,False,,,23.0,13.0,False,True,False,False,True,False,False,False,BUY,75.0,"Buy: good matchup vs LAC, favorable game script",False,False
Audric Estime,NO,RB,1,,False,False,0.0,0.0,0.0,0.0,0.0,0.0,0.0,0.0,0.0,0.0,0.0,,,,0.0,0.0,0.0,0.0,0.0,0.0,0.0,0.0,0.0,0.0,4.0,0.0,0.0,0.0,,,,,,,,,,,,,,,,,,,,,,,,,,0,1,100.0,0.0,,,,,-16.62,-3.85,-61.49,-35.85,0.0,0.0,0.0,,,,0.0,10,0.0,0.0,4.0,0,0.0,0.0,MIA,False,0,,,,,,Insufficient Data,,,,5.7,8.5,11.3,5,BENCH,-100.0,-100.0,-100.0,28.0,22.0,0,1,0,3,False,0,0,False,False,,,25.0,13.0,False,True,False,False,True,False,,,,,,False,False
Austin Ekeler,WAS,RB,2,,False,False,13.1,10.6,8.1,7.0,5.0,38.0,0.0,14.0,43.0,0.0,21.0,,,,0.0,2.0,2.0,6.55,5.3,4.05,3.5,2.5,7.0,10.5,49.5,21.5,0.0,1.0,,,,,,,,,,,,,,,,,,,,,,,,,,0,1,50.0,71.43,0.0,5.43,1.87,0.62,-10.07,-0.35,-15.99,-14.35,0.0,0.0,0.0,6.55,,,,2,4.4,4.0,52.0,0,25.0,10.72,DEN,True,0,,,,,,Insufficient Data,43.0,50.0,BALANCED,61.7,89.0,77.3,2,RB2,-66.5,-60.6,8.5,22.5,18.5,0,1,1,2,False,0,0,False,False,,,4.0,13.0,False,False,True,False,False,False,False,True,,,,False,False
Bhayshul Tuten,JAC,RB,11,55.0,False,False,63.6,59.6,55.6,12.0,8.0,61.0,1.0,67.0,255.0,3.0,79.0,,,,2.0,34.0,36.0,5.78,5.42,5.05,1.09,0.73,6.09,7.18,21.91,12.46,0.18,3.27,5.7,5.53,5.37,5.78,5.58,5.38,1.0,0.8,17.29,8.67,9.67,26.67,0.33,0.17,0.5,0.83,-0.33,4.0,3.0,4.84,83.66,1.7,1.7,13.4,13.4,1,7,63.64,66.67,0.0,5.08,5.3,0.81,-10.84,-2.76,-43.58,-23.39,4.0,0.36,37.74,8.2,3.37,5.9,5.7,12,1.7,1.0,21.0,0,15.09,3.01,TEN,False,0,78.1,59.6,44.2,53.4,58.8,Average,69.0,31.0,ZONE,59.6,52.5,46.8,2,RB2,-70.5,-65.2,-4.3,14.0,15.3,6,3,3,2,False,0,0,False,False,,,26.0,13.0,False,True,False,False,False,False,False,False,HOLD,60.0,Hold: good matchup vs TEN,False,False
Bijan Robinson,ATL,RB,11,5.0,True,True,224.6,200.1,175.6,61.0,49.0,543.0,2.0,172.0,853.0,4.0,233.0,,,,17.0,38.0,55.0,20.42,18.19,15.96,5.55,4.45,15.64,21.18,77.45,38.86,1.55,5.0,18.6,17.27,15.93,15.84,13.94,12.04,3.0,4.4,40.27,18.0,21.0,79.0,3.0,3.73,5.23,6.73,-4.0,-2.33,2.33,8.4,41.12,10.8,5.8,30.3,30.3,8,1,9.09,80.33,0.0,8.9,3.68,0.96,3.8,1.7,11.97,3.01,6.0,0.55,16.03,20.1,31.95,14.87,18.6,12,14.7,2.0,66.0,0,34.04,14.93,NYJ,False,0,40.4,87.7,88.5,68.2,71.2,Reliable,74.0,23.0,ZONE,97.2,98.6,97.2,1,RB1,4.4,22.8,238.1,19.4,15.0,3,5,2,0,False,0,3,False,False,,,20.0,13.0,False,False,False,False,True,False,False,False,BUY,75.0,Buy: favorable game script,False,False
Blake Corum,LAR,RB,11,66.0,False,False,46.1,43.6,41.1,10.0,5.0,10.0,0.0,82.0,341.0,1.0,92.0,,,,2.0,26.0,28.0,4.19,3.96,3.74,0.91,0.45,7.45,8.36,27.09,14.47,0.18,2.55,3.17,3.0,2.83,4.12,3.92,3.72,0.67,0.6,18.31,9.33,10.0,34.67,0.33,-1.3,-1.3,-1.3,0.33,6.33,-0.33,2.54,60.56,1.5,1.5,5.6,5.8,0,10,90.91,50.0,0.0,1.0,4.61,0.5,-12.43,-2.94,-38.4,-21.38,1.0,0.09,13.02,6.1,2.4,5.55,3.17,12,2.4,0.0,34.0,0,13.21,2.09,CAR,False,0,59.6,52.6,66.4,27.3,51.5,Average,52.0,46.0,BALANCED,51.1,42.2,55.3,2,RB2,-78.6,-74.8,-30.6,11.4,16.8,6,1,2,1,False,0,0,False,False,,,28.0,13.0,False,True,False,True,False,False,True,False,HOLD,75.0,"Hold - must start: smash spot vs CAR, scheme fit",False,False
Braelon Allen,NYJ,RB,4,72.0,False,False,15.3,14.3,13.3,3.0,2.0,17.0,0.0,18.0,76.0,1.0,21.0,,,,2.0,6.0,8.0,3.82,3.58,3.32,0.75,0.5,4.5,5.25,23.25,11.41,0.5,2.0,2.8,2.47,2.13,,,,1.0,,11.05,4.0,5.0,20.67,0.67,,,,,,,2.98,77.94,0.6,,6.7,,0,4,100.0,66.67,0.0,5.67,5.1,0.73,-12.8,-3.1,-42.24,-24.43,1.0,0.25,39.22,4.9,0.6,,,4,0.6,0.0,10.0,0,8.33,2.62,ATL,True,0,49.1,63.2,42.5,,51.6,Average,78.0,11.0,ZONE,46.8,36.9,50.4,3,RB3,-80.5,-77.0,-36.7,20.8,16.5,0,2,2,2,False,0,0,False,False,,,18.0,13.0,False,False,False,False,True,False,False,True,HOLD,45.0,"Hold: scheme mismatch, favorable game script",False,False
Brashard Smith,KC,RB,11,68.0,False,False,43.8,34.3,24.8,26.0,19.0,161.0,0.0,29.0,87.0,0.0,55.0,,,,9.0,17.0,26.0,3.98,3.12,2.25,2.36,1.73,2.64,5.0,16.36,8.34,0.82,2.36,3.37,2.53,1.7,4.8,3.8,2.8,2.67,2.6,6.65,1.33,4.0,18.67,2.0,-2.97,-2.47,-1.97,-0.33,-0.33,-4.67,3.87,97.15,0.7,0.7,6.6,13.1,0,10,90.91,73.08,0.0,6.19,1.68,0.8,-12.64,-1.49,-49.12,-27.51,0.0,0.0,0.0,0.5,6.1,4.87,4.7,12,6.6,4.0,19.0,0,6.25,6.89,DAL,False,0,63.2,16.7,31.9,17.0,32.2,Volatile,76.0,7.0,ZONE,49.6,72.7,36.9,3,RB3,-79.7,-76.1,-34.1,16.9,16.5,4,4,2,3,False,0,0,False,False,,,24.0,13.0,False,True,False,False,False,False,False,True,SELL,60.0,"Consider selling: good matchup vs DAL, scheme mismatch",False,False
Breece Hall,NYJ,RB,11,18.0,False,True,152.9,138.9,124.9,37.0,28.0,301.0,1.0,168.0,766.0,2.0,205.0,,,,10.0,29.0,39.0,13.9,12.63,11.35,3.36,2.55,15.27,18.64,63.64,40.88,0.91,3.55,13.93,12.77,11.6,16.38,15.28,14.18,2.33,2.6,46.12,17.0,19.33,71.33,1.67,-1.4,-1.9,-2.4,0.33,10.0,0.33,7.65,55.04,8.4,7.2,19.5,32.9,5,3,27.27,75.68,0.0,8.14,4.13,0.75,-2.72,-0.49,-1.85,5.03,3.0,0.27,11.77,10.5,13.17,20.05,13.93,12,13.9,4.0,71.0,0,40.82,10.15,ATL,True,0,77.2,95.6,71.7,40.9,71.4,Reliable,73.0,25.0,ZONE,87.9,86.2,90.1,1,RB1,-29.0,-16.4,130.2,17.7,16.5,2,5,2,2,False,1,1,False,False,,,18.0,13.0,False,False,False,False,True,False,False,True,HOLD,45.0,"Hold: scheme mismatch, favorable game script",False,False
Brian Robinson Jr.,SF,RB,12,65.0,False,False,51.1,47.6,44.1,10.0,7.0,19.0,0.0,64.0,302.0,2.0,74.0,,,,4.0,14.0,18.0,4.26,3.97,3.68,0.83,0.58,5.33,6.17,16.92,10.52,0.33,1.5,6.43,6.1,5.77,6.12,5.92,5.72,1.33,0.8,16.16,7.67,9.0,22.67,1.0,1.47,1.13,0.8,1.33,8.33,4.33,3.49,81.87,2.4,0.0,11.5,11.5,0,10,83.33,70.0,0.0,1.9,5.11,0.69,-12.36,-3.02,-48.57,-25.33,2.0,0.17,23.48,3.27,2.37,4.97,6.43,12,5.4,2.0,17.0,0,14.06,2.53,CLE,False,0,71.1,49.1,48.7,70.5,59.8,Average,,,,52.5,39.4,38.3,2,RB2,-78.2,-74.4,-29.5,15.4,15.0,5,2,2,2,True,0,0,False,False,,,11.0,13.0,False,False,False,False,True,False,,,HOLD,55.0,Hold: favorable game script,False,False
British Brooks,HOU,RB,7,110.0,False,False,1.5,1.5,1.5,0.0,0.0,0.0,0.0,4.0,15.0,0.0,4.0,,,,0.0,2.0,2.0,0.21,0.21,0.21,0.0,0.0,0.57,0.57,8.14,0.95,0.0,0.29,0.0,0.0,0.0,0.0,0.0,0.0,0.0,0.0,1.06,0.67,0.67,6.67,0.0,-0.5,-0.5,-0.5,0.0,-4.33,0.0,0.52,244.95,0.0,0.0,0.0,0.0,0,7,100.0,0.0,,,,0.38,-16.41,-3.85,-57.34,-34.9,0.0,0.0,0.0,,0.75,0.0,0.0,12,0.0,0.0,2.0,0,0.0,0.0,IND,False,0,86.0,4.4,0.9,1.7,23.3,Risky,0.0,0.0,BALANCED,13.5,8.5,19.1,4,FLEX,-98.9,-98.7,-96.5,12.4,13.8,4,2,3,1,False,0,0,False,False,,,8.0,13.0,False,False,True,False,False,True,False,True,HOLD,25.0,"Hold - consider benching: tough matchup vs IND, scheme mismatch, unfavorable game script",False,True
Brittain Brown,CHI,RB,1,,False,False,9.7,9.7,9.7,1.0,0.0,0.0,0.0,5.0,37.0,1.0,6.0,,,,0.0,0.0,0.0,9.7,9.7,9.7,1.0,0.0,5.0,6.0,18.0,9.38,0.0,0.0,,,,,,,,,,,,,,,,,,,,,,,,,,0,0,0.0,0.0,,0.0,9.7,1.62,-6.92,-2.85,-47.49,-26.47,1.0,1.0,61.86,,,9.7,,9,9.7,1.0,18.0,0,9.38,3.12,PHI,False,0,,,,,,Insufficient Data,40.0,60.0,BALANCED,76.6,47.5,41.5,1,RB1,-50.4,-41.6,60.6,30.0,11.7,0,1,2,0,False,0,0,False,False,,,16.0,13.0,False,False,False,False,False,False,False,False,,,,False,False
Bucky Irving,TB,RB,4,8.0,True,True,72.0,62.5,53.0,19.0,19.0,193.0,2.0,71.0,237.0,0.0,90.0,,,,3.0,7.0,10.0,18.0,15.62,13.25,4.75,4.75,17.75,22.5,70.5,39.24,0.75,2.5,19.17,16.67,14.17,,,,5.0,,39.82,19.0,24.0,68.67,0.67,,,,,,,4.62,25.66,13.9,,25.5,,2,0,0.0,100.0,0.0,10.16,3.79,0.8,1.38,0.9,5.01,3.39,2.0,0.5,16.67,15.5,25.5,,,4,25.5,5.0,61.0,0,31.75,14.52,ARI,True,0,83.3,93.0,98.2,,91.5,Elite,28.0,68.0,GAP,95.0,96.5,93.6,1,RB1,-8.0,8.3,198.1,14.8,23.7,1,0,0,3,False,0,0,False,False,,,21.0,13.0,False,False,False,False,False,False,True,False,HOLD,60.0,Hold: scheme fit,False,False
C.J. Ham,MIN,RB,5,108.0,False,False,1.5,1.0,0.5,1.0,1.0,5.0,0.0,0.0,0.0,0.0,1.0,,,,0.0,0.0,0.0,0.3,0.2,0.1,0.2,0.2,0.0,0.2,21.0,0.34,0.0,0.0,0.0,0.0,0.0,0.3,0.2,0.1,0.0,0.2,0.0,0.0,0.0,23.33,0.0,,,,,,,0.6,200.0,0.0,0.0,0.0,1.5,0,5,100.0,100.0,0.0,5.0,1.5,1.5,-16.32,-3.65,-44.49,-35.51,0.0,0.0,0.0,,0.0,1.5,0.0,12,0.0,0.0,32.0,0,0.0,0.5,SEA,False,0,60.5,1.3,2.2,,21.3,Risky,,,,14.9,19.9,43.3,4,FLEX,-98.5,-98.2,-95.0,16.2,18.5,0,1,2,3,False,0,0,False,False,,,3.0,13.0,False,False,True,False,False,True,,,HOLD,35.0,"Hold - consider benching: tough matchup vs SEA, unfavorable game script",False,True
Cam Akers,MIN,RB,2,,False,False,7.2,7.2,7.2,1.0,0.0,0.0,0.0,5.0,19.0,0.0,6.0,,,,0.0,0.0,0.0,3.6,3.6,3.6,0.5,0.0,2.5,3.0,7.0,5.66,0.0,0.0,,,,,,,,,,,,,,,,,,,,,,,,,,0,2,100.0,0.0,,0.0,7.2,1.2,-13.02,-3.35,-58.49,-30.19,0.0,0.0,0.0,1.9,5.3,,,5,5.3,0.0,2.0,0,0.0,2.08,SEA,False,0,,,,,,Insufficient Data,20.0,80.0,GAP,44.7,28.7,16.0,3,RB3,-81.6,-78.3,-40.4,20.5,18.5,0,1,2,3,False,0,0,False,False,,,3.0,13.0,False,False,True,False,False,True,False,True,,,,False,False
Cam Skattebo,NYG,RB,8,10.0,True,True,127.7,115.7,103.7,32.0,24.0,207.0,2.0,101.0,410.0,5.0,133.0,,,,4.0,23.0,27.0,15.96,14.46,12.96,4.0,3.0,12.62,16.62,52.25,30.08,0.5,3.38,19.8,18.8,17.8,17.36,15.96,14.56,3.33,3.8,30.19,12.67,16.0,50.67,0.67,2.63,3.97,5.3,-2.33,-16.67,-6.33,8.06,50.5,10.0,10.0,31.0,31.0,3,1,12.5,75.0,0.0,6.47,3.99,0.96,-0.66,0.15,-13.24,-5.77,7.0,0.88,32.89,13.63,19.47,14.2,,8,10.0,2.0,21.0,0,13.51,12.4,NE,False,0,2.6,54.4,77.0,62.5,49.1,Volatile,62.0,37.0,ZONE,93.6,93.3,80.9,1,RB1,-18.4,-4.0,164.3,17.5,18.0,2,3,1,2,True,0,0,False,False,,,1.0,13.0,False,False,True,False,False,True,False,True,BUY,35.0,"Speculative buy: tough matchup vs NE, scheme mismatch, unfavorable game script",False,True
Chase Brown,CIN,RB,11,20.0,False,True,148.8,128.3,107.8,57.0,41.0,252.0,1.0,145.0,626.0,2.0,202.0,,,,8.0,38.0,46.0,13.53,11.66,9.8,5.18,3.73,13.18,18.36,69.55,35.18,0.73,4.18,17.63,14.97,12.3,18.08,15.98,13.88,8.67,6.6,42.26,16.0,24.67,89.0,1.67,2.17,0.67,-0.83,5.67,32.0,11.0,5.44,40.18,15.0,12.0,19.2,25.5,4,1,9.09,71.93,0.0,4.42,2.61,0.74,-3.1,1.33,4.06,-0.67,3.0,0.27,12.1,9.2,10.27,18.9,16.85,12,15.0,4.0,89.0,0,41.07,16.27,BAL,False,0,20.2,78.1,89.4,60.2,62.0,Average,46.0,47.0,BALANCED,86.5,97.9,92.9,1,RB1,-30.9,-18.6,124.0,11.9,19.3,4,1,0,2,False,2,2,False,False,,,14.0,13.0,False,False,False,False,False,False,False,True,BUY,50.0,Speculative buy: scheme mismatch,False,False
Chris Brooks,GB,RB,11,89.0,False,False,17.0,13.0,9.0,10.0,8.0,59.0,0.0,11.0,31.0,0.0,21.0,,,,4.0,2.0,6.0,1.55,1.18,0.82,0.91,0.73,1.0,1.91,14.55,3.55,0.36,0.55,1.47,1.3,1.13,1.76,1.46,1.16,0.33,0.6,5.91,3.0,3.33,20.67,0.67,0.0,0.17,0.33,-0.67,9.33,2.33,1.96,126.57,0.0,0.0,3.6,4.4,0,11,100.0,80.0,0.0,5.9,1.7,0.81,-15.08,-2.94,-50.94,-32.3,0.0,0.0,0.0,2.33,0.6,1.47,1.47,12,3.6,1.0,44.0,0,15.52,2.09,DET,False,0,44.7,7.0,16.8,50.6,29.8,Risky,27.0,64.0,GAP,32.6,42.2,34.0,3,RB3,-92.1,-90.7,-74.3,21.1,16.8,1,5,2,2,False,0,0,False,False,,,10.0,13.0,False,False,True,False,False,False,False,True,HOLD,30.0,"Hold - consider benching: tough matchup vs DET, scheme mismatch",False,True
Chris Rodriguez Jr.,WAS,RB,9,59.0,False,False,47.5,47.0,46.5,1.0,1.0,6.0,0.0,60.0,279.0,3.0,61.0,,,,0.0,30.0,30.0,5.28,5.22,5.17,0.11,0.11,6.67,6.78,25.44,14.2,0.0,3.33,9.87,9.7,9.53,7.4,7.3,7.2,0.33,0.2,22.25,11.0,11.33,37.33,0.0,7.4,7.23,7.07,0.33,31.0,10.0,4.16,78.87,7.6,0.2,12.5,12.5,0,7,77.78,100.0,0.0,6.0,47.5,0.78,-11.34,-3.74,-40.04,-21.65,3.0,0.33,37.89,3.9,2.2,6.63,8.55,11,9.5,1.0,45.0,0,27.59,0.69,DEN,True,0,18.4,26.3,51.3,97.7,48.4,Volatile,33.0,65.0,GAP,56.7,17.7,54.6,2,RB2,-73.0,-68.2,-12.6,17.0,18.5,3,4,1,2,False,0,0,False,False,,,4.0,13.0,False,False,True,False,False,False,False,True,BUY,50.0,"Speculative buy: tough matchup vs DEN, scheme mismatch",False,True
Christian McCaffrey,SF,RB,12,1.0,True,True,311.1,270.6,230.1,103.0,81.0,785.0,5.0,217.0,796.0,7.0,320.0,,,,34.0,84.0,118.0,25.92,22.55,19.17,8.58,6.75,18.08,26.67,83.25,46.03,2.83,9.83,26.63,23.3,19.97,24.8,22.0,19.2,7.67,7.0,42.05,16.33,24.0,77.33,7.0,-1.1,-1.93,-2.77,1.0,-8.33,-2.67,7.57,29.2,17.6,9.8,35.1,35.1,11,0,0.0,78.64,0.0,7.62,3.02,0.97,9.3,4.73,17.76,10.18,12.0,1.0,23.14,23.3,26.03,27.73,26.63,12,27.2,7.0,83.0,0,48.44,23.21,CLE,False,0,69.3,84.2,96.5,46.6,74.2,Reliable,65.0,32.0,ZONE,100.0,100.0,99.3,1,RB1,32.5,55.9,329.2,15.4,15.0,5,2,2,2,True,0,0,False,False,,,11.0,13.0,False,False,False,False,True,False,False,False,HOLD,55.0,Hold: favorable game script,False,False
Chuba Hubbard,CAR,RB,10,39.0,False,False,89.3,78.8,68.3,30.0,21.0,153.0,2.0,94.0,350.0,1.0,124.0,,,,10.0,23.0,33.0,8.93,7.88,6.83,3.0,2.1,9.4,12.4,46.2,23.07,1.0,3.3,4.87,3.87,2.87,5.14,4.54,3.94,2.67,2.0,12.94,3.33,6.0,25.0,2.0,-1.33,-2.0,-2.67,1.0,-19.33,-6.0,5.48,61.32,2.5,1.7,8.3,9.4,2,4,40.0,70.0,0.0,5.1,2.98,0.72,-7.69,-0.85,-19.29,-12.78,3.0,0.3,20.16,15.4,9.9,6.2,4.87,12,8.3,4.0,35.0,0,19.44,7.12,LAR,True,0,6.1,56.1,63.7,35.2,40.3,Volatile,61.0,36.0,ZONE,72.3,81.9,70.9,2,RB2,-54.4,-46.3,47.9,15.3,12.8,3,1,2,0,True,3,0,False,False,,,9.0,13.0,False,False,True,False,False,False,True,False,HOLD,50.0,"Hold - consider benching: tough matchup vs LAR, scheme fit",False,False
Clyde Edwards-Helaire,KC,RB,2,,False,False,4.2,3.2,2.2,2.0,2.0,9.0,0.0,7.0,13.0,0.0,9.0,,,,0.0,0.0,0.0,2.1,1.6,1.1,1.0,1.0,3.5,4.5,10.5,6.46,0.0,0.0,,,,,,,,,,,,,,,,,,,,,,,,,,0,2,100.0,100.0,0.0,4.5,2.1,0.47,-14.52,-2.85,-54.99,-29.39,0.0,0.0,0.0,,,0.5,3.7,12,3.7,2.0,18.0,0,8.75,2.33,DAL,False,0,,,,,,Insufficient Data,43.0,57.0,BALANCED,37.6,47.5,22.7,3,RB3,-89.3,-87.4,-65.2,19.5,16.5,1,1,2,3,False,0,0,False,False,,,24.0,13.0,False,True,False,False,False,False,False,False,,,,False,False
Colson Yankoff,WAS,RB,1,,False,False,0.0,-0.5,-1.0,1.0,1.0,4.0,0.0,0.0,0.0,0.0,1.0,,,,0.0,0.0,0.0,0.0,-0.5,-1.0,1.0,1.0,0.0,1.0,0.0,1.72,0.0,0.0,,,,,,,,,,,,,,,,,,,,,,,,,,0,1,100.0,100.0,0.0,4.0,0.0,0.0,-16.62,-2.85,-65.49,-34.12,0.0,0.0,0.0,,,,0.0,11,0.0,1.0,0.0,0,1.72,3.45,DEN,True,0,,,,,,Insufficient Data,,,,5.7,47.5,1.8,5,BENCH,-100.0,-100.0,-100.0,25.0,18.5,0,1,1,2,False,0,0,False,False,,,4.0,13.0,False,False,True,False,False,False,,,,,,False,False
Craig Reynolds,DET,RB,2,,False,False,0.4,0.4,0.4,0.0,0.0,0.0,0.0,3.0,4.0,0.0,3.0,,,,0.0,0.0,0.0,0.2,0.2,0.2,0.0,0.0,1.5,1.5,3.0,2.54,0.0,0.0,,,,,,,,,,,,,,,,,,,,,,,,,,0,2,100.0,0.0,,,,0.13,-16.42,-3.85,-62.49,-33.31,0.0,0.0,0.0,0.4,,,0.0,10,0.0,0.0,1.0,0,0.0,0.0,GB,True,0,,,,,,Insufficient Data,100.0,0.0,ZONE,12.1,8.5,6.7,4,FLEX,-99.0,-98.8,-96.7,28.0,17.3,0,2,1,2,False,0,0,False,False,,,13.0,13.0,False,False,False,False,False,False,False,False,,,,False,False
D'Andre Swift,CHI,RB,10,19.0,False,True,137.3,125.3,113.3,34.0,24.0,224.0,1.0,142.0,649.0,4.0,176.0,,,,0.0,52.0,52.0,13.73,12.53,11.33,3.4,2.4,14.2,17.6,58.8,31.64,0.0,5.2,8.57,7.57,6.57,12.32,11.42,10.52,3.33,2.6,30.02,14.0,17.33,54.67,0.0,-11.9,-12.07,-12.23,1.33,1.67,0.67,6.21,45.22,1.9,1.9,14.8,20.8,4,1,10.0,70.59,0.0,6.59,4.04,0.78,-2.89,-0.45,-6.69,-4.2,5.0,0.5,21.85,11.4,20.75,17.95,8.57,12,1.9,1.0,45.0,0,17.65,7.77,PHI,False,0,50.9,86.0,84.1,11.4,58.1,Average,,,,87.2,87.2,87.9,1,RB1,-29.8,-17.4,127.4,19.8,11.7,1,3,2,0,False,5,0,True,False,BUY,Momentum -11.9 | L3 at 62% of avg | Targets stable,16.0,13.0,False,False,False,False,False,False,,,SELL,70.0,Sell,False,False
D'Ernest Johnson,ARI,RB,3,109.0,False,False,0.7,0.7,0.7,0.0,0.0,0.0,0.0,5.0,7.0,0.0,5.0,,,,0.0,2.0,2.0,0.23,0.23,0.23,0.0,0.0,1.67,1.67,13.33,3.05,0.0,0.67,0.23,0.23,0.23,,,,0.0,,3.05,1.67,1.67,13.33,0.0,,,,,,,0.26,112.49,0.0,,0.6,,0,3,100.0,0.0,,,,0.14,-16.39,-3.85,-52.15,-32.8,0.0,0.0,0.0,,,0.0,0.35,11,0.6,0.0,12.0,0,5.36,0.0,TB,False,0,95.6,37.7,14.2,,49.2,Volatile,,,,14.2,8.5,32.3,4,FLEX,-98.8,-98.6,-96.2,16.0,14.3,0,0,3,1,False,0,0,False,False,,,15.0,13.0,False,False,False,False,False,True,,,HOLD,45.0,Hold: unfavorable game script,False,False
DJ Giddens,IND,RB,7,99.0,False,False,6.6,6.6,6.6,2.0,0.0,0.0,0.0,18.0,66.0,0.0,20.0,,,,1.0,2.0,3.0,0.94,0.94,0.94,0.29,0.0,2.57,2.86,10.71,4.93,0.14,0.43,0.73,0.73,0.73,0.5,0.5,0.5,0.33,0.2,3.77,1.67,2.0,7.33,0.0,0.63,0.63,0.63,0.0,-2.0,1.33,1.49,157.91,0.0,0.0,2.2,2.2,0,7,100.0,0.0,,0.0,3.3,0.33,-15.68,-3.56,-54.77,-30.91,0.0,0.0,0.0,1.47,0.73,0.0,,7,0.0,0.0,5.0,0,0.0,0.69,HOU,True,0,74.6,5.3,6.2,98.9,46.2,Volatile,44.0,56.0,BALANCED,24.8,25.2,24.5,4,FLEX,-95.2,-94.3,-84.4,17.9,4.0,2,3,6,0,False,0,0,False,False,,,5.0,13.0,False,False,True,False,False,False,False,True,HOLD,30.0,"Hold - consider benching: tough matchup vs HOU, scheme mismatch",False,True
Dameon Pierce,HOU,RB,2,,False,False,2.6,2.6,2.6,1.0,0.0,0.0,0.0,10.0,26.0,0.0,11.0,,,,0.0,1.0,1.0,1.3,1.3,1.3,0.5,0.0,5.0,5.5,17.0,10.12,0.0,0.5,,,,,,,,,,,,,,,,,,,,,,,,,,0,2,100.0,0.0,,0.0,2.6,0.24,-15.32,-3.35,-48.49,-25.73,0.0,0.0,0.0,0.5,2.1,,,5,2.1,0.0,23.0,0,12.07,1.85,IND,False,0,,,,,,Insufficient Data,40.0,60.0,BALANCED,29.4,28.7,39.4,3,RB3,-93.4,-92.2,-78.5,11.5,13.8,1,0,3,1,False,0,0,False,False,,,8.0,13.0,False,False,True,False,False,True,False,True,,,,False,False
Dare Ogunbowale,HOU,RB,10,101.0,False,False,8.4,5.9,3.4,6.0,5.0,36.0,0.0,3.0,18.0,0.0,9.0,,,,0.0,2.0,2.0,0.84,0.59,0.34,0.6,0.5,0.3,0.9,11.7,1.6,0.0,0.2,0.63,0.47,0.3,1.16,0.86,0.56,0.33,0.6,0.55,0.0,0.33,7.0,0.0,-0.67,-0.5,-0.33,-0.67,-7.67,-1.0,1.1,130.65,0.0,0.0,1.9,2.7,0,10,100.0,83.33,0.0,6.0,1.4,0.93,-15.78,-3.25,-53.79,-34.25,0.0,0.0,0.0,1.3,0.0,1.3,0.63,12,0.0,0.0,7.0,0,0.0,1.54,IND,False,0,67.5,6.1,15.0,13.6,25.5,Risky,33.0,33.0,BALANCED,22.0,31.6,29.1,4,FLEX,-95.7,-94.9,-86.1,13.7,13.8,5,3,3,1,False,0,0,False,False,,,8.0,13.0,False,False,True,False,False,True,False,True,HOLD,25.0,"Hold - consider benching: tough matchup vs IND, scheme mismatch, unfavorable game script",False,True
David Montgomery,DET,RB,11,28.0,False,False,116.7,107.7,98.7,22.0,18.0,135.0,0.0,115.0,511.0,5.0,137.0,,,,4.0,43.0,47.0,10.61,9.79,8.97,2.0,1.64,10.45,12.45,39.91,21.82,0.36,4.27,7.17,6.33,5.5,7.68,6.78,5.88,1.67,2.4,17.17,8.67,10.33,42.33,0.67,-1.17,-1.0,-0.83,-1.33,4.67,-2.0,7.32,69.02,4.7,4.7,10.1,11.0,2,4,36.36,81.82,0.0,6.14,5.3,0.85,-6.01,-1.85,-25.58,-14.03,5.0,0.45,25.71,16.93,9.17,8.45,7.17,12,6.7,3.0,34.0,0,13.79,7.12,GB,True,0,75.4,73.7,57.5,37.5,61.0,Average,64.0,36.0,ZONE,80.9,67.7,67.0,1,RB1,-45.8,-36.2,75.7,19.3,17.3,1,4,1,2,False,2,3,False,False,,,13.0,13.0,False,False,False,False,False,False,False,False,HOLD,50.0,Hold,False,False
De'Von Achane,MIA,RB,11,4.0,True,True,235.0,208.0,181.0,71.0,54.0,370.0,4.0,164.0,900.0,5.0,235.0,,,,16.0,47.0,63.0,21.36,18.91,16.45,6.45,4.91,14.91,21.36,79.82,41.14,1.45,5.73,26.2,23.37,20.53,22.3,19.8,17.3,7.0,6.6,49.58,19.0,26.0,86.67,3.33,4.9,4.07,3.23,1.0,16.0,4.33,7.82,36.59,16.6,12.8,40.5,40.5,10,0,0.0,76.06,0.0,5.21,3.31,1.0,4.74,2.6,14.33,5.29,9.0,0.82,22.98,19.6,21.57,16.5,31.0,11,21.5,5.0,80.0,0,50.98,24.64,NO,True,0,38.6,91.2,91.2,67.0,72.0,Reliable,,,,97.9,99.3,98.6,1,RB1,9.2,28.5,253.7,19.5,16.7,2,5,1,1,False,1,4,False,True,SELL,Hot +4.9 | 5 easy past | High TD 82%,22.0,13.0,False,False,False,False,True,False,,,BUY,75.0,Buy: favorable game script,False,False
DeeJay Dallas,CAR,RB,2,,False,False,0.0,0.0,0.0,0.0,0.0,0.0,0.0,1.0,0.0,0.0,1.0,,,,0.0,1.0,1.0,0.0,0.0,0.0,0.0,0.0,0.5,0.5,11.5,0.89,0.0,0.5,,,,,,,,,,,,,,,,,,,,,,,,,,0,2,100.0,0.0,,,,0.0,-16.62,-3.85,-53.99,-34.96,0.0,0.0,0.0,,0.0,,,6,0.0,0.0,6.0,0,1.79,0.0,LAR,True,0,,,,,,Insufficient Data,100.0,0.0,ZONE,5.7,8.5,27.3,5,BENCH,-100.0,-100.0,-100.0,24.5,12.8,0,2,2,0,True,0,0,False,False,,,9.0,13.0,False,False,True,False,False,False,True,False,,,,False,False
Derrick Henry,BAL,RB,11,16.0,False,True,159.9,153.4,146.9,17.0,13.0,98.0,0.0,187.0,871.0,9.0,204.0,,,,1.0,68.0,69.0,14.54,13.95,13.35,1.55,1.18,17.0,18.55,56.36,39.02,0.09,6.27,18.13,16.97,15.8,17.32,16.52,15.72,2.33,1.8,43.32,19.67,22.0,59.0,0.33,2.73,1.9,1.07,1.0,2.0,-0.67,7.3,50.2,11.4,11.4,22.8,22.8,4,2,18.18,76.47,0.0,5.76,9.41,0.78,-2.09,-2.3,-9.12,3.17,9.0,0.82,33.77,14.07,10.37,16.1,18.13,12,22.8,2.0,56.0,0,48.94,7.52,CIN,True,0,65.8,80.7,78.8,63.6,72.2,Reliable,64.0,35.0,ZONE,89.4,61.0,84.4,1,RB1,-25.7,-12.5,140.8,15.8,16.3,4,3,1,2,False,2,1,False,False,,,30.0,13.0,False,True,False,True,False,False,True,False,BUY,85.0,"Strong buy: smash spot vs CIN, scheme fit",False,False
Devin Neal,NO,RB,6,67.0,False,False,24.5,18.5,12.5,14.0,12.0,64.0,0.0,17.0,61.0,0.0,31.0,,,,1.0,1.0,2.0,4.08,3.08,2.08,2.33,2.0,2.83,5.17,35.83,9.2,0.17,0.33,6.47,4.97,3.47,4.72,3.52,2.32,3.67,2.8,14.85,4.67,8.33,49.33,0.33,4.77,3.77,2.77,2.67,27.0,6.33,3.72,91.0,2.2,0.1,11.1,11.1,0,5,83.33,85.71,0.0,4.57,1.75,0.79,-12.54,-1.52,-29.65,-26.65,0.0,0.0,0.0,0.9,,2.13,8.6,12,11.1,7.0,74.0,0,21.88,7.6,MIA,False,0,1.8,18.4,33.6,95.5,37.3,Volatile,88.0,12.0,ZONE,50.4,70.6,61.7,2,RB2,-79.1,-75.5,-32.4,19.7,22.0,1,2,0,3,False,0,0,False,False,,,25.0,13.0,False,True,False,False,True,False,False,False,BUY,85.0,"Strong buy: good matchup vs MIA, favorable game script",False,False
Devin Singletary,NYG,RB,12,63.0,False,False,54.0,49.5,45.0,10.0,9.0,92.0,0.0,74.0,238.0,2.0,84.0,,,,3.0,20.0,23.0,4.5,4.12,3.75,0.83,0.75,6.17,7.0,24.58,12.45,0.25,1.92,10.9,10.23,9.57,8.72,8.02,7.32,1.33,1.4,22.51,12.67,14.0,37.33,0.67,7.2,7.03,6.87,0.33,12.33,9.0,4.89,108.64,4.7,3.8,17.7,17.7,1,10,83.33,90.0,0.0,9.2,5.4,0.64,-12.12,-3.02,-40.9,-23.4,2.0,0.17,22.22,1.0,2.4,3.7,10.9,12,4.7,0.0,30.0,0,20.59,4.73,NE,False,0,14.9,35.1,26.5,92.0,42.1,Volatile,64.0,35.0,ZONE,53.9,39.4,53.9,2,RB2,-77.0,-72.9,-25.5,16.4,18.0,4,4,1,2,True,0,0,False,False,,,1.0,13.0,False,False,True,False,False,True,False,True,BUY,45.0,"Speculative buy: tough matchup vs NE, scheme mismatch, unfavorable game script",False,True
Dylan Laube,LV,RB,4,92.0,False,False,5.3,3.8,2.3,4.0,3.0,18.0,0.0,5.0,5.0,0.0,9.0,,,,0.0,0.0,0.0,1.32,0.95,0.57,1.0,0.75,1.25,2.25,11.0,5.73,0.0,0.0,0.53,0.37,0.2,,,,0.67,,6.52,1.67,2.33,9.0,0.0,,,,,,,1.47,111.1,0.0,,1.4,,0,4,100.0,75.0,0.0,4.5,1.32,0.59,-15.3,-2.85,-54.49,-30.11,0.0,0.0,0.0,1.95,,1.4,0.0,11,0.0,0.0,2.0,0,0.0,3.5,LAC,False,0,85.1,30.7,20.4,,45.4,Volatile,100.0,0.0,ZONE,30.5,47.5,25.5,3,RB3,-93.3,-92.1,-78.1,20.5,14.3,1,3,3,2,False,0,0,False,False,,,23.0,13.0,False,True,False,False,True,False,False,False,HOLD,65.0,"Hold: good matchup vs LAC, favorable game script",False,False
Dylan Sampson,CLE,RB,11,56.0,False,False,63.4,51.9,40.4,28.0,23.0,195.0,2.0,38.0,89.0,0.0,66.0,,,,10.0,7.0,17.0,5.76,4.72,3.67,2.55,2.09,3.45,6.0,23.18,10.79,0.91,1.55,6.33,5.83,5.33,5.92,5.02,4.12,1.67,2.4,10.75,3.33,5.0,26.0,1.67,1.33,2.17,3.0,-1.33,-0.67,-1.0,6.11,105.94,0.9,0.9,16.2,16.2,2,8,72.73,82.14,0.0,6.96,2.26,0.96,-10.86,-1.3,-42.31,-25.06,2.0,0.18,18.93,9.47,1.8,5.3,6.33,12,16.2,3.0,37.0,0,22.73,9.51,SF,True,0,24.6,19.3,28.3,69.3,35.4,Volatile,50.0,47.0,BALANCED,58.9,75.2,49.6,2,RB2,-70.6,-65.3,-4.6,15.9,22.2,2,2,1,4,False,0,0,False,False,,,7.0,13.0,False,False,True,False,False,True,False,False,HOLD,35.0,"Hold - consider benching: tough matchup vs SF, unfavorable game script",False,True
Elijah Mitchell,KC,RB,1,,False,False,0.0,0.0,0.0,1.0,0.0,0.0,0.0,0.0,0.0,0.0,1.0,,,,0.0,0.0,0.0,0.0,0.0,0.0,1.0,0.0,0.0,1.0,10.0,1.79,0.0,0.0,,,,,,,,,,,,,,,,,,,,,,,,,,0,1,100.0,0.0,,0.0,0.0,0.0,-16.62,-2.85,-55.49,-34.06,0.0,0.0,0.0,,,,0.0,11,0.0,1.0,10.0,0,1.79,2.33,DAL,False,0,,,,,,Insufficient Data,,,,5.7,47.5,22.0,5,BENCH,-100.0,-100.0,-100.0,4.0,16.5,1,0,2,3,False,0,0,False,False,,,24.0,13.0,False,True,False,False,False,False,,,,,,False,False
Emanuel Wilson,GB,RB,11,51.0,False,False,74.4,67.9,61.4,15.0,13.0,87.0,0.0,81.0,327.0,3.0,96.0,,,,4.0,27.0,31.0,6.76,6.17,5.58,1.36,1.18,7.36,8.73,30.73,15.74,0.36,2.82,13.93,13.27,12.6,11.24,10.44,9.64,1.33,2.0,27.34,13.33,14.67,49.33,0.67,8.3,8.47,8.63,-1.0,13.33,4.67,7.85,116.0,1.4,1.4,26.5,26.5,1,7,63.64,86.67,0.0,5.8,4.96,0.78,-9.86,-2.49,-34.76,-20.11,3.0,0.27,24.19,0.97,6.4,5.63,13.93,12,26.5,2.0,56.0,0,51.72,6.74,DET,False,0,9.6,17.5,23.0,88.6,34.7,Volatile,54.0,43.0,BALANCED,63.8,56.7,58.9,2,RB2,-65.5,-59.3,11.9,21.1,16.8,1,5,2,2,False,0,0,False,False,,,10.0,13.0,False,False,True,False,False,False,False,False,BUY,60.0,Speculative buy: tough matchup vs DET,False,False
Emari Demercado,ARI,RB,8,58.0,False,False,42.5,38.5,34.5,12.0,8.0,64.0,1.0,31.0,241.0,0.0,43.0,,,,8.0,10.0,18.0,5.31,4.81,4.31,1.5,1.0,3.88,5.38,23.0,9.33,1.0,2.25,8.73,7.73,6.73,6.48,5.88,5.28,2.67,1.8,17.59,7.67,10.33,33.33,2.0,3.3,2.63,1.97,1.67,9.67,7.33,4.83,90.87,4.0,0.1,13.4,13.4,0,5,62.5,66.67,0.0,5.33,3.54,0.99,-11.31,-2.35,-42.49,-26.52,1.0,0.12,14.12,0.0,5.43,8.8,8.7,11,4.0,3.0,18.0,0,11.76,4.09,TB,False,0,15.8,21.1,37.2,72.7,36.7,Volatile,19.0,81.0,GAP,57.4,60.3,48.9,2,RB2,-72.9,-68.1,-12.1,13.2,14.3,5,3,3,1,False,0,0,False,False,,,15.0,13.0,False,False,False,False,False,True,True,False,BUY,75.0,"Buy: scheme fit, unfavorable game script",False,False
George Holani,SEA,RB,4,74.0,False,False,14.8,13.8,12.8,2.0,2.0,15.0,0.0,22.0,73.0,1.0,24.0,,,,0.0,8.0,8.0,3.7,3.45,3.2,0.5,0.5,5.5,6.0,15.25,11.54,0.0,2.0,3.53,3.53,3.53,,,,0.0,,7.55,4.0,4.0,8.67,0.0,,,,,,,3.42,92.51,0.6,,9.1,,0,3,75.0,100.0,0.0,7.5,7.4,0.62,-12.92,-3.35,-50.24,-24.31,1.0,0.25,40.54,4.2,,0.9,4.85,11,0.6,0.0,2.0,0,2.67,2.5,MIN,True,0,21.1,31.6,31.0,,27.9,Risky,77.0,23.0,ZONE,45.4,28.7,36.2,3,RB3,-81.1,-77.7,-38.7,20.2,14.8,1,1,3,1,False,0,0,False,False,,,19.0,13.0,False,False,False,False,True,False,True,False,HOLD,65.0,"Hold: scheme fit, favorable game script",False,False
Hassan Haskins,LAC,RB,7,95.0,False,False,8.3,6.3,4.3,4.0,4.0,13.0,0.0,12.0,30.0,0.0,16.0,,,,0.0,1.0,1.0,1.19,0.9,0.61,0.57,0.57,1.71,2.29,15.0,3.87,0.0,0.14,2.77,2.1,1.43,1.66,1.26,0.86,1.33,0.8,9.03,4.0,5.33,28.33,0.0,2.77,2.1,1.43,1.33,22.33,5.33,1.39,117.33,2.5,0.0,3.3,3.3,0,7,100.0,100.0,0.0,3.25,2.08,0.52,-15.44,-3.28,-50.49,-31.98,0.0,0.0,0.0,0.0,1.93,2.5,,7,2.5,2.0,33.0,0,4.69,1.89,LV,True,0,28.9,7.9,21.2,82.4,35.1,Volatile,58.0,42.0,BALANCED,27.7,30.5,34.8,3,RB3,-93.9,-92.8,-80.3,17.3,12.0,3,3,3,1,False,0,0,False,False,,,17.0,13.0,False,False,False,False,False,False,False,False,BUY,60.0,Speculative buy,False,False
Hunter Luepke,DAL,RB,11,87.0,False,False,21.6,17.6,13.6,9.0,8.0,63.0,1.0,3.0,13.0,0.0,12.0,,,,5.0,0.0,5.0,1.96,1.6,1.24,0.82,0.73,0.27,1.09,19.18,1.91,0.45,0.45,2.93,2.27,1.6,2.06,1.56,1.06,1.33,1.0,2.81,0.33,1.67,17.0,1.0,-0.47,-0.63,-0.8,0.33,-3.33,0.33,2.9,147.81,0.0,0.0,7.1,7.1,0,10,90.91,88.89,0.0,7.0,2.4,1.8,-14.66,-3.03,-46.31,-33.94,1.0,0.09,27.78,0.0,3.77,0.5,4.4,12,1.7,1.0,20.0,0,1.64,3.11,KC,True,0,76.3,12.3,10.6,38.6,34.4,Volatile,0.0,0.0,BALANCED,34.0,37.9,42.6,3,RB3,-90.0,-88.2,-67.5,20.3,19.8,1,4,2,3,False,0,0,False,False,,,6.0,13.0,False,False,True,False,False,False,False,True,HOLD,30.0,"Hold - consider benching: tough matchup vs KC, scheme mismatch",False,True
Isaiah Davis,NYJ,RB,11,71.0,False,False,42.5,35.0,27.5,21.0,15.0,118.0,0.0,26.0,137.0,0.0,47.0,,,,2.0,9.0,11.0,3.86,3.18,2.5,1.91,1.36,2.36,4.27,29.55,9.07,0.18,1.0,1.3,1.13,0.97,5.4,4.6,3.8,0.67,2.2,8.71,3.0,3.67,28.67,0.33,-6.77,-5.6,-4.43,-2.67,-11.33,-3.33,4.84,125.38,0.7,0.7,2.1,17.9,1,10,90.91,71.43,0.0,5.62,2.02,0.9,-12.76,-1.94,-35.94,-26.78,0.0,0.0,0.0,1.13,4.03,11.55,1.3,12,0.7,0.0,29.0,0,8.16,8.42,ATL,True,0,36.8,36.0,17.7,4.5,23.8,Risky,58.0,42.0,BALANCED,47.5,66.0,58.2,3,RB3,-80.3,-76.8,-36.1,17.7,16.5,2,5,2,2,False,0,0,False,False,,,18.0,13.0,False,False,False,False,True,False,False,False,SELL,75.0,Sell: favorable game script,False,False
Isiah Pacheco,KC,RB,8,49.0,False,False,60.2,54.7,49.2,17.0,11.0,43.0,1.0,78.0,329.0,1.0,95.0,,,,3.0,10.0,13.0,7.52,6.84,6.15,2.12,1.38,9.75,11.88,56.88,21.96,0.38,1.62,8.1,7.77,7.43,9.14,8.44,7.74,1.67,2.2,25.87,13.0,14.67,63.67,0.0,-0.97,-0.3,0.37,-0.67,12.0,4.33,3.19,42.36,5.8,5.8,12.4,12.8,0,5,62.5,64.71,0.0,2.53,3.54,0.63,-9.1,-1.72,-8.61,-13.88,2.0,0.25,19.93,4.83,9.17,9.1,,8,5.8,0.0,58.0,0,20.69,6.53,DAL,False,0,42.1,85.1,85.8,39.8,63.2,Average,74.0,21.0,ZONE,65.2,69.5,85.8,2,RB2,-61.6,-54.8,24.5,17.9,16.5,2,3,2,3,False,0,0,False,False,,,24.0,13.0,False,True,False,False,False,False,False,True,HOLD,50.0,"Hold: good matchup vs DAL, scheme mismatch",False,False
J.K. Dobbins,DEN,RB,10,23.0,False,True,115.9,110.4,104.9,14.0,11.0,37.0,0.0,153.0,772.0,4.0,167.0,,,,0.0,20.0,20.0,11.59,11.04,10.49,1.4,1.1,15.3,16.7,51.1,30.84,0.0,2.0,10.13,9.47,8.8,8.68,8.18,7.68,1.33,1.2,33.49,16.0,17.33,50.0,0.0,0.67,0.33,0.0,0.33,-0.67,0.33,3.89,33.56,6.9,4.0,14.1,14.1,3,2,20.0,78.57,0.0,2.64,8.28,0.69,-5.03,-2.45,-14.39,-5.01,4.0,0.4,20.71,15.2,10.3,10.0,9.4,10,9.4,1.0,52.0,0,38.78,4.0,WAS,False,0,84.2,99.1,93.8,56.8,83.5,Reliable,39.0,59.0,BALANCED,84.4,57.4,80.1,1,RB1,-40.8,-30.3,91.9,20.1,15.0,2,5,2,2,False,1,1,False,False,,,29.0,13.0,False,True,False,True,False,False,True,False,HOLD,75.0,"Hold - must start: smash spot vs WAS, scheme fit",False,False
Jacardia Wright,SEA,RB,1,,False,False,2.0,2.0,2.0,0.0,0.0,0.0,0.0,5.0,20.0,0.0,5.0,,,,0.0,0.0,0.0,2.0,2.0,2.0,0.0,0.0,5.0,5.0,9.0,9.8,0.0,0.0,,,,,,,,,,,,,,,,,,,,,,,,,,0,1,100.0,0.0,,,,0.4,-14.62,-3.85,-56.49,-26.04,0.0,0.0,0.0,2.0,,,,3,2.0,0.0,9.0,0,9.8,0.0,MIN,True,0,,,,,,Insufficient Data,80.0,20.0,ZONE,35.1,8.5,20.6,3,RB3,-89.8,-88.0,-66.9,22.0,14.8,0,0,3,1,False,0,0,False,False,,,19.0,13.0,False,False,False,False,True,False,True,False,,,,False,False
Jack Westover,NE,RB,1,,False,False,0.0,0.0,0.0,1.0,0.0,0.0,0.0,0.0,0.0,0.0,1.0,,,,0.0,0.0,0.0,0.0,0.0,0.0,1.0,0.0,0.0,1.0,0.0,2.0,0.0,0.0,,,,,,,,,,,,,,,,,,,,,,,,,,0,1,100.0,0.0,,0.0,0.0,0.0,-16.62,-2.85,-65.49,-33.85,0.0,0.0,0.0,,,,0.0,10,0.0,1.0,0.0,0,2.0,3.33,NYG,True,0,,,,,,Insufficient Data,,,,5.7,47.5,1.8,5,BENCH,-100.0,-100.0,-100.0,15.0,24.4,0,0,0,3,True,0,0,False,False,,,32.0,13.0,False,True,False,True,False,False,,,,,,False,False
Jacob Saylors,DET,RB,3,107.0,False,False,1.1,1.1,1.1,0.0,0.0,0.0,0.0,2.0,11.0,0.0,2.0,,,,0.0,0.0,0.0,0.37,0.37,0.37,0.0,0.0,0.67,0.67,3.33,1.28,0.0,0.0,0.37,0.37,0.37,,,,0.0,,1.28,0.67,0.67,3.33,0.0,,,,,,,0.52,141.42,0.0,,1.1,,0,3,100.0,0.0,,,,0.55,-16.26,-3.85,-62.15,-34.57,0.0,0.0,0.0,0.0,1.1,,0.0,11,0.0,0.0,2.0,0,0.0,0.0,GB,True,0,97.4,2.6,4.9,,35.0,Volatile,50.0,50.0,BALANCED,15.6,8.5,8.9,4,FLEX,-98.1,-97.8,-93.9,13.7,17.3,0,0,1,2,False,0,0,False,False,,,13.0,13.0,False,False,False,False,False,False,True,False,HOLD,60.0,Hold: scheme fit,False,False
Jacory Croskey-Merritt,WAS,RB,11,46.0,False,False,85.6,81.1,76.6,13.0,9.0,68.0,0.0,114.0,498.0,4.0,127.0,,,,2.0,25.0,27.0,7.78,7.37,6.96,1.18,0.82,10.36,11.55,42.36,24.99,0.18,2.45,4.13,3.8,3.47,3.82,3.52,3.22,0.67,1.0,23.3,10.67,11.33,39.0,0.33,-0.03,-0.03,-0.03,-0.67,-18.33,-3.0,7.0,90.01,3.0,2.5,5.1,5.1,1,8,72.73,69.23,0.0,5.23,6.58,0.67,-8.84,-2.67,-23.12,-10.86,4.0,0.36,28.04,8.67,13.5,3.93,3.65,11,4.3,1.0,27.0,0,17.24,3.6,DEN,True,0,31.6,75.4,38.9,47.7,48.4,Volatile,37.0,63.0,GAP,67.4,54.6,68.1,2,RB2,-60.2,-53.2,28.8,18.0,18.5,3,5,1,2,False,2,1,False,False,,,4.0,13.0,False,False,True,False,False,False,False,True,HOLD,30.0,"Hold - consider benching: tough matchup vs DEN, scheme mismatch",False,True
Jahmyr Gibbs,DET,RB,11,3.0,True,True,259.0,235.0,211.0,55.0,48.0,379.0,3.0,155.0,951.0,10.0,210.0,,,,15.0,73.0,88.0,23.55,21.36,19.18,5.0,4.36,14.09,19.09,63.0,33.65,1.36,8.0,37.73,34.57,31.4,31.16,28.66,26.16,8.0,6.0,37.53,14.0,22.0,65.67,3.0,21.03,19.03,17.03,5.33,2.0,5.0,14.06,59.73,19.6,5.8,55.4,55.4,9,2,18.18,87.27,0.0,6.89,4.71,1.23,6.92,1.15,-2.49,-2.19,13.0,1.18,30.12,20.43,13.97,21.3,37.73,12,55.4,12.0,74.0,0,46.55,17.07,GB,True,0,61.4,83.3,68.1,87.5,75.1,Reliable,57.0,40.0,BALANCED,98.6,97.2,89.4,1,RB1,20.4,41.7,290.0,19.3,17.3,1,4,1,2,False,1,6,False,True,SELL,Hot +21.0 | L3 at 160% of avg | 4 easy past,13.0,13.0,False,False,False,False,False,False,True,False,BUY,80.0,Strong buy: scheme fit,False,False
Jaleel McLaughlin,DEN,RB,2,,False,False,8.4,7.9,7.4,2.0,1.0,-5.0,0.0,7.0,19.0,1.0,9.0,,,,0.0,2.0,2.0,4.2,3.95,3.7,1.0,0.5,3.5,4.5,11.5,8.73,0.0,1.0,,,,,,,,,,,,,,,,,,,,,,,,,,0,1,50.0,50.0,0.0,-2.5,4.2,0.93,-12.42,-2.85,-53.99,-27.12,1.0,0.5,71.43,,0.0,,8.4,11,8.4,1.0,13.0,0,13.21,3.36,WAS,False,0,,,,,,Insufficient Data,57.0,43.0,BALANCED,51.8,47.5,27.3,2,RB2,-78.5,-74.7,-30.5,13.0,15.0,1,0,2,2,False,0,0,False,False,,,29.0,13.0,False,True,False,True,False,False,True,False,,,,False,False
James Conner,ARI,RB,3,27.0,False,False,33.3,29.3,25.3,9.0,8.0,38.0,1.0,32.0,95.0,1.0,41.0,,,,1.0,5.0,6.0,11.1,9.77,8.43,3.0,2.67,10.67,13.67,50.0,28.38,0.33,2.0,11.1,9.77,8.43,,,,3.0,,28.38,10.67,13.67,50.0,0.33,,,,,,,3.24,29.17,6.7,,14.4,,0,1,33.33,88.89,0.0,4.22,3.7,0.81,-5.52,-0.85,-15.49,-7.47,2.0,0.67,36.04,11.1,,,,3,6.7,4.0,30.0,0,23.21,9.75,TB,False,0,14.0,98.2,92.9,,68.4,Average,16.0,81.0,GAP,81.6,81.9,79.4,1,RB1,-43.3,-33.2,83.8,19.0,14.3,1,1,3,1,False,0,0,False,False,,,15.0,13.0,False,False,False,False,False,True,True,False,HOLD,55.0,"Hold: scheme fit, unfavorable game script",False,False
James Cook III,BUF,RB,11,6.0,True,True,204.7,192.7,180.7,26.0,24.0,203.0,1.0,199.0,1084.0,8.0,225.0,,,,4.0,58.0,62.0,18.61,17.52,16.43,2.36,2.18,18.09,20.45,59.91,39.81,0.36,5.64,17.67,15.83,14.0,20.02,18.82,17.62,3.67,2.4,37.26,15.33,19.0,57.0,0.67,-0.93,-2.6,-4.27,3.33,-0.67,-2.33,7.99,42.94,10.7,10.7,21.9,33.6,7,1,9.09,92.31,0.0,7.81,7.87,0.91,1.99,-1.49,-5.58,3.96,9.0,0.82,26.38,22.83,12.03,23.55,17.67,12,21.9,3.0,55.0,0,39.22,7.24,PIT,False,0,41.2,97.4,86.7,44.3,67.4,Average,,,,96.5,72.7,88.7,1,RB1,-4.9,12.0,208.2,16.3,15.0,3,3,1,1,False,1,1,False,False,,,12.0,13.0,False,False,False,False,False,True,,,HOLD,45.0,Hold: unfavorable game script,False,False
Jaret Patterson,LAC,RB,3,82.0,False,False,7.5,7.5,7.5,0.0,0.0,0.0,0.0,21.0,75.0,0.0,21.0,,,,0.0,1.0,1.0,2.5,2.5,2.5,0.0,0.0,7.0,7.0,18.0,12.8,0.0,0.33,2.5,2.5,2.5,,,,0.0,,12.8,7.0,7.0,18.0,0.0,,,,,,,1.79,71.63,0.1,,4.4,,0,3,100.0,0.0,,,,0.36,-14.12,-3.85,-47.49,-23.05,0.0,0.0,0.0,,,3.7,0.1,10,0.1,0.0,5.0,0,1.69,0.0,LV,True,0,37.7,32.5,45.1,,38.4,Volatile,43.0,57.0,BALANCED,39.0,8.5,41.5,3,RB3,-87.2,-85.0,-58.6,19.0,12.0,0,1,3,1,False,0,0,False,False,,,17.0,13.0,False,False,False,False,False,False,False,False,HOLD,50.0,Hold,False,False
Javonte Williams,DAL,RB,11,9.0,True,True,178.3,164.3,150.3,39.0,28.0,107.0,1.0,181.0,896.0,8.0,220.0,,,,17.0,69.0,86.0,16.21,14.94,13.66,3.55,2.55,16.45,20.0,75.82,34.47,1.55,7.82,9.9,9.23,8.57,13.28,12.68,12.08,1.67,2.2,35.63,19.0,20.67,81.0,3.0,-5.13,-4.63,-4.13,-3.0,5.67,1.0,6.29,38.78,7.3,7.3,12.1,18.8,6,1,9.09,71.79,0.0,2.74,4.57,0.81,-0.41,-0.3,10.33,-1.38,9.0,0.82,30.29,19.2,18.1,14.67,11.2,12,12.1,3.0,78.0,0,37.7,6.7,KC,True,0,71.9,96.5,90.3,20.5,69.8,Average,53.0,46.0,BALANCED,94.3,90.4,96.5,1,RB1,-17.2,-2.5,168.4,20.3,19.8,1,4,2,3,False,6,4,True,True,BUY,Momentum -5.1 | L3 at 61% of avg | 3 easy ROS,6.0,13.0,False,False,True,False,False,False,False,True,SELL,50.0,"Consider selling: tough matchup vs KC, scheme mismatch",False,False
Jaydon Blue,DAL,RB,4,86.0,False,False,8.0,7.5,7.0,1.0,1.0,5.0,0.0,22.0,65.0,0.0,23.0,,,,0.0,1.0,1.0,2.0,1.88,1.75,0.25,0.25,5.5,5.75,17.0,10.38,0.0,0.25,2.43,2.27,2.1,,,,0.33,,11.17,6.0,6.33,16.67,0.0,,,,,,,1.75,87.54,0.0,,4.4,,0,4,100.0,100.0,0.0,5.0,8.0,0.35,-14.62,-3.6,-48.49,-25.47,0.0,0.0,0.0,,0.35,3.65,,8,2.9,0.0,19.0,0,13.33,0.83,KC,True,0,89.5,60.5,32.7,,60.9,Average,68.0,32.0,ZONE,35.1,22.7,39.4,3,RB3,-89.8,-88.0,-66.9,20.2,19.8,1,2,2,3,False,0,0,False,False,,,6.0,13.0,False,False,True,False,False,False,False,True,HOLD,30.0,"Hold - consider benching: tough matchup vs KC, scheme mismatch",False,True
Jaylen Warren,PIT,RB,10,21.0,False,True,131.3,118.8,106.3,28.0,25.0,219.0,1.0,141.0,604.0,3.0,169.0,,,,2.0,47.0,49.0,13.13,11.88,10.63,2.8,2.5,14.1,16.9,54.3,33.36,0.2,4.9,10.87,10.2,9.53,11.76,10.96,10.16,1.33,1.8,28.77,14.0,15.33,41.33,0.33,-4.47,-3.8,-3.13,-2.0,-19.67,-3.0,3.73,28.43,8.7,8.7,12.8,16.9,3,0,0.0,89.29,0.0,7.82,4.69,0.78,-3.49,-1.05,-11.19,-2.48,4.0,0.4,18.28,14.8,8.3,15.33,10.87,12,12.8,0.0,50.0,0,28.12,5.89,BUF,True,0,23.7,90.4,97.3,26.1,59.4,Average,66.0,33.0,ZONE,85.8,76.6,81.6,1,RB1,-32.9,-21.0,117.4,16.6,17.5,3,4,1,2,False,2,3,False,False,,,31.0,13.0,False,True,False,True,True,False,True,False,SELL,100.0,"Strong sell: smash spot vs BUF, scheme fit, favorable game script",False,False
Jaylen Wright,MIA,RB,4,90.0,False,False,5.9,5.4,4.9,1.0,1.0,0.0,0.0,15.0,49.0,0.0,16.0,,,,0.0,2.0,2.0,1.48,1.35,1.23,0.25,0.25,3.75,4.0,13.25,6.85,0.0,0.5,1.97,1.8,1.63,,,,0.33,,9.13,5.0,5.33,12.33,0.0,,,,,,,1.48,100.49,0.4,,3.8,,0,4,100.0,100.0,0.0,0.0,5.9,0.37,-15.15,-3.6,-52.24,-29.0,0.0,0.0,0.0,,,1.9,1.05,11,0.4,0.0,2.0,0,1.96,0.92,NO,True,0,72.8,11.4,24.8,,36.3,Volatile,47.0,53.0,BALANCED,31.9,22.7,30.5,3,RB3,-92.4,-91.1,-75.5,22.2,16.7,0,2,1,1,False,0,0,False,False,,,22.0,13.0,False,False,False,False,True,False,True,False,HOLD,65.0,"Hold: scheme fit, favorable game script",False,False
Jeff Wilson Jr.,MIA,RB,1,,False,False,0.0,0.0,0.0,0.0,0.0,0.0,0.0,0.0,0.0,0.0,0.0,,,,0.0,0.0,0.0,0.0,0.0,0.0,0.0,0.0,0.0,0.0,4.0,0.0,0.0,0.0,,,,,,,,,,,,,,,,,,,,,,,,,,0,1,100.0,0.0,,,,,-16.62,-3.85,-61.49,-35.85,0.0,0.0,0.0,0.0,,,,1,0.0,0.0,4.0,0,0.0,0.0,NO,True,0,,,,,,Insufficient Data,,,,5.7,8.5,11.3,5,BENCH,-100.0,-100.0,-100.0,8.0,16.7,1,0,1,1,False,0,0,False,False,,,22.0,13.0,False,False,False,False,True,False,,,,,,False,False
Jeremy McNichols,WAS,RB,11,60.0,False,False,54.0,46.5,39.0,20.0,15.0,149.0,0.0,26.0,181.0,1.0,46.0,,,,0.0,9.0,9.0,4.91,4.23,3.55,1.82,1.36,2.36,4.18,29.0,9.04,0.0,0.82,2.93,2.43,1.93,5.42,4.42,3.42,1.0,2.4,8.7,3.33,4.33,27.33,0.0,-5.33,-4.17,-3.0,-3.33,-9.67,-1.67,4.31,87.74,0.0,0.0,4.9,11.8,0,9,81.82,75.0,0.0,7.45,2.7,1.17,-11.71,-2.03,-36.49,-26.81,1.0,0.09,11.11,5.43,3.53,6.1,4.4,11,4.9,2.0,25.0,0,10.34,8.23,DEN,True,0,82.5,50.9,41.6,8.0,45.8,Volatile,62.0,39.0,ZONE,56.0,64.5,56.0,2,RB2,-74.9,-70.5,-18.7,18.0,18.5,3,5,1,2,False,0,0,False,False,,,4.0,13.0,False,False,True,False,False,False,False,True,SELL,50.0,"Consider selling: tough matchup vs DEN, scheme mismatch",False,True
Jerome Ford,CLE,RB,11,76.0,False,False,35.9,25.4,14.9,26.0,21.0,76.0,0.0,24.0,73.0,0.0,50.0,,,,10.0,8.0,18.0,3.26,2.31,1.35,2.36,1.91,2.18,4.55,32.27,7.55,0.91,1.64,0.0,0.0,0.0,0.78,0.48,0.18,0.33,1.0,2.63,1.0,1.33,22.0,2.0,-3.97,-2.63,-1.3,-3.0,-7.0,-3.0,3.4,104.33,-0.3,-0.3,0.2,3.0,0,9,81.82,80.77,0.0,2.92,1.38,0.72,-13.36,-1.49,-33.21,-28.3,0.0,0.0,0.0,5.63,5.03,1.95,0.0,12,-0.3,0.0,16.0,0,2.27,4.06,SF,True,0,35.1,27.2,29.2,1.7,23.3,Risky,54.0,38.0,BALANCED,42.9,72.7,61.0,3,RB3,-83.3,-80.4,-46.0,15.9,22.2,2,2,1,4,False,0,0,False,False,,,7.0,13.0,False,False,True,False,False,True,False,False,SELL,55.0,"Consider selling: tough matchup vs SF, unfavorable game script",False,True
Jonathan Taylor,IND,RB,11,2.0,True,True,282.5,266.5,250.5,35.0,32.0,268.0,2.0,205.0,1197.0,15.0,240.0,,,,4.0,50.0,54.0,25.68,24.23,22.77,3.18,2.91,18.64,21.82,83.45,40.8,0.36,4.91,21.97,20.8,19.63,27.5,26.3,25.1,2.67,2.6,41.39,20.67,23.33,86.67,0.0,-9.8,-9.47,-9.13,-0.33,2.0,4.0,12.76,49.67,7.7,7.7,49.6,49.6,7,1,9.09,91.43,0.0,7.66,8.07,1.18,9.06,-0.67,17.97,4.95,17.0,1.55,36.11,25.03,23.3,26.43,29.1,12,8.6,3.0,90.0,0,40.43,8.38,HOU,True,0,66.7,81.6,79.6,22.7,62.6,Average,42.0,57.0,BALANCED,99.3,85.1,100.0,1,RB1,31.2,54.5,325.2,17.0,4.0,3,4,6,0,False,0,0,False,False,,,5.0,13.0,False,False,True,False,False,False,False,True,SELL,50.0,"Consider selling: tough matchup vs HOU, scheme mismatch",False,False
Jordan Mason,MIN,RB,11,40.0,False,False,97.5,91.5,85.5,14.0,12.0,44.0,0.0,116.0,531.0,5.0,130.0,,,,2.0,40.0,42.0,8.86,8.32,7.77,1.27,1.09,10.55,11.82,49.27,24.41,0.18,3.82,6.27,6.1,5.93,5.02,4.72,4.42,0.33,0.6,14.2,6.0,6.33,22.67,0.33,0.27,0.43,0.6,-0.33,-34.67,-4.0,5.78,65.23,4.1,1.6,10.5,10.5,1,5,45.45,85.71,0.0,3.14,6.96,0.75,-7.76,-2.58,-16.21,-11.44,5.0,0.45,30.77,12.63,11.4,6.0,6.27,12,4.2,0.0,27.0,0,22.22,2.02,SEA,False,0,10.5,62.3,60.2,54.5,46.9,Volatile,56.0,41.0,BALANCED,71.6,56.0,75.9,2,RB2,-54.7,-46.7,46.7,18.3,18.5,1,4,2,3,False,2,1,False,False,,,3.0,13.0,False,False,True,False,False,True,False,True,HOLD,25.0,"Hold - consider benching: tough matchup vs SEA, scheme mismatch, unfavorable game script",False,True
Josh Jacobs,GB,RB,10,7.0,True,True,180.5,166.5,152.5,35.0,28.0,237.0,0.0,169.0,648.0,11.0,204.0,,,,4.0,81.0,85.0,18.05,16.65,15.25,3.5,2.8,16.9,20.4,63.8,38.17,0.4,8.5,14.57,13.07,11.57,15.2,13.9,12.6,4.0,3.2,34.72,15.0,19.0,51.33,1.33,-6.87,-6.87,-6.87,1.0,-11.0,1.33,8.17,45.27,4.0,4.0,20.0,20.0,5,1,10.0,80.0,0.0,6.77,5.16,0.88,1.43,-0.35,-1.69,2.32,11.0,1.1,36.57,13.6,31.85,17.43,11.85,11,4.0,1.0,22.0,0,17.78,9.72,DET,False,0,13.2,77.2,83.2,21.6,48.8,Volatile,54.0,44.0,BALANCED,95.7,89.0,91.5,1,RB1,-7.8,8.6,198.9,21.3,16.8,1,5,2,2,False,3,2,False,False,,,10.0,13.0,False,False,True,False,False,False,False,False,SELL,60.0,Consider selling: tough matchup vs DET,False,False
Josh Williams,TB,RB,2,,False,False,1.1,1.1,1.1,0.0,0.0,0.0,0.0,4.0,11.0,0.0,4.0,,,,0.0,0.0,0.0,0.55,0.55,0.55,0.0,0.0,2.0,2.0,6.5,3.77,0.0,0.0,,,,,,,,,,,,,,,,,,,,,,,,,,0,2,100.0,0.0,,,,0.28,-16.07,-3.85,-58.99,-32.08,0.0,0.0,0.0,,0.0,1.1,,8,1.1,0.0,10.0,0,7.55,0.0,ARI,True,0,,,,,,Insufficient Data,75.0,25.0,ZONE,17.7,8.5,14.2,4,FLEX,-97.2,-96.7,-90.9,12.5,23.7,1,0,0,3,False,0,0,False,False,,,21.0,13.0,False,False,False,False,False,False,True,False,,,,False,False
Julius Chestnut,TEN,RB,8,106.0,False,False,3.9,3.9,3.9,2.0,0.0,0.0,0.0,10.0,39.0,0.0,12.0,,,,0.0,4.0,4.0,0.49,0.49,0.49,0.25,0.0,1.25,1.5,7.62,3.13,0.0,0.5,0.27,0.27,0.27,0.22,0.22,0.22,0.0,0.4,2.35,1.33,1.33,4.0,0.0,-0.7,-0.7,-0.7,-0.67,-5.0,-0.67,0.82,167.41,0.0,0.0,0.5,0.5,0,8,100.0,0.0,,0.0,1.95,0.32,-16.13,-3.6,-57.86,-32.72,0.0,0.0,0.0,0.93,0.1,0.5,0.3,12,0.3,0.0,7.0,0,3.7,1.66,JAC,True,0,93.9,43.9,3.5,5.7,36.8,Volatile,30.0,70.0,GAP,17.0,22.7,17.0,4,FLEX,-97.5,-97.1,-91.9,9.4,8.3,6,0,4,0,False,0,0,False,False,,,2.0,13.0,False,False,True,False,False,True,False,True,HOLD,25.0,"Hold - consider benching: tough matchup vs JAC, scheme mismatch, unfavorable game script",False,True
Justice Hill,BAL,RB,10,54.0,False,False,65.2,54.7,44.2,27.0,21.0,169.0,1.0,18.0,93.0,2.0,45.0,,,,1.0,3.0,4.0,6.52,5.47,4.42,2.7,2.1,1.8,4.5,37.1,9.61,0.1,0.4,3.93,3.43,2.93,4.28,3.48,2.68,1.33,2.0,3.86,0.67,2.0,24.0,0.0,0.0,0.5,1.0,-1.33,-11.33,-3.33,8.12,124.55,0.0,0.0,8.3,9.4,1,7,70.0,77.78,0.0,6.26,2.41,1.45,-10.1,-1.15,-28.39,-26.24,3.0,0.3,27.61,4.3,13.43,1.85,4.15,12,0.0,0.0,25.0,0,0.0,6.92,CIN,True,0,32.5,22.8,18.6,50.6,31.1,Volatile,61.0,28.0,ZONE,61.0,75.9,65.2,2,RB2,-66.7,-60.8,8.0,16.3,16.3,4,3,1,2,False,0,0,False,False,,,30.0,13.0,False,True,False,True,False,False,True,False,HOLD,75.0,"Hold - must start: smash spot vs CIN, scheme fit",False,False
Kaleb Johnson,PIT,RB,7,96.0,False,False,7.7,7.2,6.7,2.0,1.0,9.0,0.0,22.0,58.0,0.0,24.0,,,,0.0,6.0,6.0,1.1,1.03,0.96,0.29,0.14,3.14,3.43,10.71,6.74,0.0,0.86,1.37,1.2,1.03,1.56,1.46,1.36,0.33,0.4,5.74,2.67,3.0,9.33,0.0,0.1,-0.07,-0.23,0.0,-5.0,-1.67,0.95,86.24,0.3,0.3,2.3,2.3,0,7,100.0,50.0,0.0,4.5,3.85,0.32,-15.52,-3.56,-54.77,-29.11,0.0,0.0,0.0,-0.05,1.85,2.3,0.9,11,1.5,0.0,12.0,0,9.09,1.48,BUF,True,0,79.8,34.2,40.7,58.0,53.2,Average,73.0,27.0,ZONE,27.0,25.2,24.5,3,RB3,-94.4,-93.4,-81.8,16.3,17.5,2,2,1,2,False,0,0,False,False,,,31.0,13.0,False,True,False,True,True,False,True,False,HOLD,80.0,"Hold - must start: smash spot vs BUF, scheme fit, favorable game script",False,False
Kareem Hunt,KC,RB,11,29.0,False,False,113.9,107.4,100.9,16.0,13.0,92.0,1.0,116.0,457.0,7.0,132.0,,,,3.0,45.0,48.0,10.35,9.76,9.17,1.45,1.18,10.55,12.0,46.27,20.64,0.27,4.36,15.23,14.4,13.57,12.94,12.34,11.74,2.33,1.6,31.71,18.0,20.33,76.33,0.67,7.43,6.93,6.43,1.67,49.33,13.33,6.2,59.83,12.5,1.8,20.0,20.0,3,5,45.45,81.25,0.0,5.75,7.12,0.86,-6.27,-2.4,-19.21,-15.2,8.0,0.73,42.14,6.8,9.6,10.5,16.6,12,20.0,3.0,71.0,0,41.25,4.33,DAL,False,0,5.3,43.0,67.3,79.5,48.8,Volatile,63.0,30.0,ZONE,80.1,58.9,71.6,1,RB1,-47.1,-37.7,71.4,16.9,16.5,4,4,2,3,False,4,6,True,True,SELL,Hot +7.4 | L3 at 147% of avg | 4 easy past,24.0,13.0,False,True,False,False,False,False,False,True,BUY,70.0,"Buy: good matchup vs DAL, scheme mismatch",False,False
Keaton Mitchell,BAL,RB,7,77.0,False,False,22.8,20.3,17.8,6.0,5.0,44.0,0.0,23.0,134.0,0.0,29.0,,,,0.0,13.0,13.0,3.26,2.9,2.54,0.86,0.71,3.29,4.14,13.29,8.6,0.0,1.86,4.47,3.97,3.47,4.1,3.7,3.3,1.33,1.0,10.43,4.0,5.33,17.33,0.0,2.1,1.77,1.43,1.0,6.67,2.33,2.07,63.7,2.9,2.8,7.4,7.4,0,7,100.0,83.33,0.0,7.33,3.8,0.79,-13.37,-2.99,-52.2,-27.25,0.0,0.0,0.0,,1.15,3.55,4.47,12,2.9,1.0,19.0,0,6.38,4.27,CIN,True,0,68.4,42.1,59.3,78.4,62.0,Average,48.0,35.0,BALANCED,42.9,40.8,31.2,3,RB3,-83.3,-80.4,-46.0,16.6,16.3,2,2,1,2,False,0,0,False,False,,,30.0,13.0,False,True,False,True,False,False,True,False,BUY,85.0,"Strong buy: smash spot vs CIN, scheme fit",False,False
Kendall Milton,CIN,RB,1,,False,False,0.2,0.2,0.2,0.0,0.0,0.0,0.0,2.0,2.0,0.0,2.0,,,,0.0,0.0,0.0,0.2,0.2,0.2,0.0,0.0,2.0,2.0,6.0,3.33,0.0,0.0,,,,,,,,,,,,,,,,,,,,,,,,,,0,1,100.0,0.0,,,,0.1,-16.42,-3.85,-59.49,-32.52,0.0,0.0,0.0,,,,0.2,11,0.2,0.0,6.0,0,3.33,0.0,BAL,False,0,,,,,,Insufficient Data,100.0,0.0,ZONE,12.1,8.5,13.5,4,FLEX,-99.0,-98.8,-96.7,12.0,19.3,0,0,0,2,False,0,0,False,False,,,14.0,13.0,False,False,False,False,False,False,False,True,,,,False,False
Kendre Miller,NO,RB,7,61.0,False,False,33.3,30.8,28.3,5.0,5.0,30.0,0.0,47.0,193.0,1.0,52.0,,,,0.0,5.0,5.0,4.76,4.4,4.04,0.71,0.71,6.71,7.43,24.29,13.59,0.0,0.71,3.6,3.27,2.93,5.78,5.38,4.98,0.67,0.8,14.06,6.33,7.0,27.33,0.0,-3.1,-2.93,-2.77,-0.33,3.0,-1.67,3.62,76.17,0.7,0.7,5.9,12.5,0,6,85.71,100.0,0.0,6.0,6.66,0.64,-11.87,-3.14,-41.2,-22.26,1.0,0.14,18.02,3.33,7.53,0.7,,7,0.7,0.0,4.0,0,2.17,2.39,MIA,False,0,28.1,57.0,53.1,18.2,39.1,Volatile,66.0,30.0,ZONE,55.3,34.8,52.5,2,RB2,-75.7,-71.4,-21.2,17.4,22.0,3,3,0,3,False,0,0,False,False,,,25.0,13.0,False,True,False,False,True,False,False,False,SELL,85.0,"Strong sell: good matchup vs MIA, favorable game script",False,False
Kenneth Gainwell,PIT,RB,11,24.0,False,True,127.0,106.0,85.0,48.0,42.0,234.0,2.0,71.0,336.0,3.0,119.0,,,,12.0,23.0,35.0,11.55,9.64,7.73,4.36,3.82,6.45,10.82,46.64,20.9,1.09,3.18,16.7,14.2,11.7,12.2,10.1,8.0,5.67,4.8,20.91,6.33,12.0,55.33,3.0,11.9,10.73,9.57,2.67,17.33,5.33,9.83,85.11,2.4,2.4,29.5,29.5,3,6,54.55,87.5,0.0,4.88,2.65,1.07,-5.08,0.51,-18.85,-14.95,5.0,0.45,23.62,7.17,20.5,4.8,16.7,12,18.2,6.0,51.0,0,25.0,15.68,BUF,True,0,21.9,45.6,43.4,94.3,51.3,Average,56.0,37.0,BALANCED,83.7,95.0,72.3,1,RB1,-41.0,-30.5,91.3,16.8,17.5,3,4,1,2,False,1,5,False,True,SELL,Hot +11.9 | L3 at 145% of avg | 4 easy past,31.0,13.0,False,True,False,True,True,False,True,False,BUY,100.0,"Strong buy: smash spot vs BUF, scheme fit, favorable game script",False,False
Kenneth Walker III,SEA,RB,11,26.0,False,False,124.4,115.9,107.4,19.0,17.0,157.0,0.0,147.0,677.0,4.0,166.0,,,,1.0,52.0,53.0,11.31,10.54,9.76,1.73,1.55,13.36,15.09,46.82,28.44,0.09,4.82,13.73,12.57,11.4,11.18,10.28,9.38,2.67,2.0,29.61,13.67,16.33,52.33,0.33,7.27,6.6,5.93,1.67,7.0,2.67,5.28,46.7,8.0,6.6,20.1,20.1,3,3,27.27,89.47,0.0,8.26,6.55,0.75,-5.31,-2.12,-18.67,-7.41,4.0,0.36,19.29,14.07,8.77,7.35,13.73,12,13.1,4.0,62.0,0,34.09,7.96,MIN,True,0,58.8,93.9,82.3,85.2,80.0,Reliable,57.0,42.0,BALANCED,82.3,62.8,73.0,1,RB1,-42.2,-32.0,87.3,15.4,14.8,4,2,3,1,False,2,2,False,False,,,19.0,13.0,False,False,False,False,True,False,False,False,BUY,75.0,Buy: favorable game script,False,False
Kimani Vidal,LAC,RB,8,35.0,False,False,76.9,70.9,64.9,16.0,12.0,52.0,1.0,96.0,417.0,2.0,112.0,,,,10.0,42.0,52.0,9.61,8.86,8.11,2.0,1.5,12.0,14.0,55.75,24.93,1.25,6.5,8.0,7.5,7.0,10.24,9.44,8.64,1.33,2.2,30.4,14.0,15.33,72.33,2.0,-8.67,-7.83,-7.0,-2.33,4.0,-5.0,8.44,87.77,3.0,3.0,17.8,19.7,3,5,62.5,75.0,0.0,3.25,4.81,0.69,-7.01,-1.85,-9.74,-10.91,3.0,0.38,23.41,,8.57,10.07,10.5,11,3.2,2.0,52.0,0,20.59,6.5,LV,True,0,0.0,38.6,39.8,12.5,22.7,Risky,55.0,43.0,BALANCED,75.2,67.7,82.3,1,RB1,-50.9,-42.2,59.1,19.1,12.0,2,4,3,1,False,2,3,False,False,,,17.0,13.0,False,False,False,False,False,False,False,False,SELL,70.0,Sell,False,False
Kyle Juszczyk,SF,RB,12,75.0,False,False,39.7,30.7,21.7,21.0,18.0,160.0,1.0,2.0,-3.0,0.0,23.0,,,,6.0,2.0,8.0,3.31,2.56,1.81,1.75,1.5,0.17,1.92,43.5,3.32,0.5,0.67,2.47,1.8,1.13,2.2,1.6,1.0,1.33,1.6,2.55,0.0,1.33,48.33,1.33,0.67,0.5,0.33,-0.33,-7.33,-0.67,2.13,64.39,0.0,0.0,4.6,4.6,0,12,100.0,85.71,0.0,7.62,1.89,1.73,-13.31,-2.1,-21.99,-32.53,1.0,0.08,15.11,4.6,4.37,1.8,2.47,12,0.0,0.0,43.0,0,0.0,5.59,CLE,False,0,25.4,40.4,61.9,71.6,49.8,Volatile,0.0,0.0,BALANCED,44.0,63.8,69.5,3,RB3,-83.1,-80.1,-45.2,15.4,15.0,5,2,2,2,True,0,0,False,False,,,11.0,13.0,False,False,False,False,True,False,False,False,HOLD,55.0,Hold: favorable game script,False,False
Kyle Monangai,CHI,RB,11,45.0,False,False,89.8,84.8,79.8,16.0,10.0,97.0,0.0,99.0,461.0,4.0,115.0,,,,2.0,43.0,45.0,8.16,7.71,7.25,1.45,0.91,9.0,10.45,39.91,18.0,0.18,4.09,10.1,9.93,9.77,11.1,10.7,10.3,0.67,1.4,19.48,10.33,11.0,43.0,0.33,-4.1,-3.43,-2.77,-2.0,-12.0,-7.0,6.54,80.14,8.8,2.4,10.8,22.8,2,6,54.55,62.5,0.0,6.06,5.61,0.78,-8.46,-2.4,-25.58,-17.85,4.0,0.36,26.73,3.23,3.6,14.2,10.1,12,10.8,0.0,54.0,0,23.53,4.39,PHI,False,0,17.5,28.1,49.6,28.4,30.9,Volatile,65.0,33.0,ZONE,68.1,58.9,67.0,2,RB2,-58.3,-50.9,35.1,20.7,11.7,1,4,2,0,False,2,3,False,False,,,16.0,13.0,False,False,False,False,False,False,False,False,SELL,70.0,Sell,False,False
Kyren Williams,LAR,RB,11,11.0,True,True,172.0,160.0,148.0,32.0,24.0,184.0,3.0,170.0,796.0,6.0,202.0,,,,16.0,58.0,74.0,15.64,14.55,13.45,2.91,2.18,15.45,18.36,71.27,32.28,1.45,6.73,14.93,14.27,13.6,14.14,13.54,12.94,2.0,1.8,26.99,12.67,14.67,64.33,3.0,0.73,0.73,0.73,0.33,-3.67,-3.67,6.83,43.66,5.8,5.8,22.4,22.4,6,1,9.09,75.0,0.0,5.75,5.38,0.85,-0.99,-0.94,5.79,-3.57,9.0,0.82,31.4,14.37,19.4,12.95,14.93,12,5.8,1.0,66.0,0,24.53,5.65,CAR,False,0,51.8,89.5,85.0,55.7,70.5,Reliable,44.0,55.0,BALANCED,92.9,79.4,94.3,1,RB1,-20.1,-5.9,159.0,11.4,16.8,6,1,2,1,False,2,1,False,False,,,28.0,13.0,False,True,False,True,False,False,True,False,HOLD,75.0,"Hold - must start: smash spot vs CAR, scheme fit",False,False
LeQuint Allen Jr.,JAC,RB,11,88.0,False,False,18.1,14.6,11.1,8.0,7.0,41.0,0.0,14.0,70.0,0.0,22.0,,,,2.0,4.0,6.0,1.65,1.33,1.01,0.73,0.64,1.27,2.0,21.73,3.34,0.18,0.55,1.8,1.63,1.47,1.78,1.48,1.18,0.33,0.6,5.54,3.0,3.33,22.33,0.33,-0.1,0.23,0.57,-1.0,-2.0,1.33,0.93,56.74,0.2,0.2,3.6,3.6,0,11,100.0,87.5,0.0,5.12,2.26,0.82,-14.98,-3.12,-43.76,-32.51,0.0,0.0,0.0,1.77,1.3,1.75,1.8,12,0.2,0.0,15.0,0,1.89,1.9,TEN,False,0,87.7,14.9,69.0,43.2,53.7,Average,,,,33.3,35.8,45.4,3,RB3,-91.6,-90.1,-72.7,14.0,15.3,6,3,3,2,False,0,0,False,False,,,26.0,13.0,False,True,False,False,False,False,,,HOLD,60.0,Hold: good matchup vs TEN,False,False
Malik Davis,DAL,RB,5,98.0,False,False,5.0,5.0,5.0,0.0,0.0,0.0,0.0,10.0,50.0,0.0,10.0,,,,0.0,1.0,1.0,1.0,1.0,1.0,0.0,0.0,2.0,2.0,9.6,3.38,0.0,0.2,1.57,1.57,1.57,1.0,1.0,1.0,0.0,0.0,4.53,2.67,2.67,14.0,0.0,,,,,,,0.99,99.4,0.3,0.0,2.4,2.4,0,5,100.0,0.0,,,,0.5,-15.62,-3.85,-55.89,-32.47,0.0,0.0,0.0,,,0.2,2.2,12,2.4,0.0,16.0,0,4.92,0.0,KC,True,0,73.7,25.4,27.4,,42.2,Volatile,100.0,0.0,ZONE,25.5,8.5,21.3,3,RB3,-94.9,-94.0,-83.4,17.4,19.8,1,1,2,3,False,0,0,False,False,,,6.0,13.0,False,False,True,False,False,False,False,True,HOLD,30.0,"Hold - consider benching: tough matchup vs KC, scheme mismatch",False,True
Michael Carter,ARI,RB,7,50.0,False,False,49.4,40.9,32.4,22.0,17.0,129.0,0.0,45.0,135.0,1.0,67.0,,,,6.0,12.0,18.0,7.06,5.84,4.63,3.14,2.43,6.43,9.57,36.14,16.26,0.86,2.57,5.67,4.33,3.0,6.2,5.0,3.8,3.33,3.4,10.23,3.33,6.67,36.33,1.67,-5.1,-4.93,-4.77,-0.67,-9.67,-8.67,5.69,80.63,0.4,0.4,8.8,8.8,1,4,57.14,77.27,0.0,5.86,2.25,0.74,-9.57,-0.71,-29.34,-19.59,1.0,0.14,12.15,,8.93,5.6,5.67,12,8.8,3.0,56.0,0,12.7,7.54,TB,False,0,7.0,29.8,46.9,15.9,24.9,Risky,31.0,69.0,GAP,64.5,84.0,63.1,2,RB2,-63.9,-57.5,16.9,8.9,14.3,5,1,3,1,False,3,0,False,False,,,15.0,13.0,False,False,False,False,False,True,True,False,SELL,75.0,"Sell: scheme fit, unfavorable game script",False,False
Miles Sanders,DAL,RB,4,52.0,False,False,26.7,22.7,18.7,8.0,8.0,30.0,0.0,20.0,117.0,1.0,28.0,,,,1.0,6.0,7.0,6.68,5.68,4.68,2.0,2.0,5.0,7.0,21.5,11.09,0.25,1.75,7.57,6.4,5.23,,,,2.33,,11.7,5.33,7.67,22.67,0.33,,,,,,,2.5,37.4,4.5,,9.9,,0,2,50.0,100.0,0.0,3.75,3.34,0.95,-9.95,-1.85,-43.99,-24.76,1.0,0.25,22.47,7.4,4.5,,,4,4.5,2.0,10.0,0,6.35,4.89,KC,True,0,47.4,53.5,87.6,,62.8,Average,50.0,45.0,BALANCED,63.1,67.7,44.0,2,RB2,-65.9,-59.8,10.6,22.0,19.8,0,2,2,3,False,0,0,False,False,,,6.0,13.0,False,False,True,False,False,False,False,True,HOLD,30.0,"Hold - consider benching: tough matchup vs KC, scheme mismatch",False,False
Najee Harris,LAC,RB,3,70.0,False,False,11.6,10.1,8.6,3.0,3.0,25.0,0.0,15.0,61.0,0.0,18.0,,,,0.0,1.0,1.0,3.87,3.37,2.87,1.0,1.0,5.0,6.0,21.67,11.31,0.0,0.33,3.87,3.37,2.87,,,,1.0,,11.31,5.0,6.0,21.67,0.0,,,,,,,2.1,54.3,2.0,,6.8,,0,3,100.0,100.0,0.0,8.33,3.87,0.64,-12.76,-2.85,-43.82,-24.54,0.0,0.0,0.0,3.87,,,,3,2.8,0.0,13.0,0,8.33,3.28,LV,True,0,43.9,39.5,62.8,,48.7,Volatile,47.0,47.0,BALANCED,48.2,47.5,44.7,3,RB3,-80.2,-76.7,-35.9,9.0,12.0,2,0,3,1,False,0,0,False,False,,,17.0,13.0,False,False,False,False,False,False,False,False,HOLD,50.0,Hold,False,False
Nathan Carter,ATL,RB,3,91.0,False,False,4.0,4.0,4.0,0.0,0.0,0.0,0.0,9.0,60.0,0.0,9.0,,,,0.0,0.0,0.0,1.33,1.33,1.33,0.0,0.0,3.0,3.0,5.67,5.58,0.0,0.0,1.33,1.33,1.33,,,,0.0,,5.58,3.0,3.0,5.67,0.0,,,,,,,1.06,79.69,0.0,,2.6,,0,3,100.0,0.0,,,,0.44,-15.29,-3.85,-59.82,-30.27,0.0,0.0,0.0,1.3,,1.4,,8,1.4,0.0,4.0,0,4.44,0.0,NYJ,False,0,93.0,9.6,36.3,,46.3,Volatile,,,,31.2,8.5,12.8,3,RB3,-93.2,-92.0,-78.0,24.0,15.0,0,2,2,0,False,0,0,False,False,,,20.0,13.0,False,False,False,False,True,False,,,HOLD,55.0,Hold: favorable game script,False,False
Nick Chubb,HOU,RB,11,53.0,False,False,73.3,67.3,61.3,19.0,12.0,58.0,0.0,105.0,435.0,2.0,124.0,,,,4.0,19.0,23.0,6.66,6.12,5.57,1.73,1.09,9.55,11.27,36.18,20.33,0.36,2.09,3.47,3.13,2.8,4.54,4.14,3.74,1.33,1.2,10.39,4.67,6.0,20.33,0.67,-1.33,-1.17,-1.0,-0.33,-14.67,-6.67,4.09,61.38,1.7,1.7,6.2,8.9,1,7,63.64,63.16,0.0,3.05,3.86,0.59,-9.96,-2.12,-29.31,-15.52,2.0,0.18,16.37,9.4,10.15,4.8,3.47,12,2.5,1.0,22.0,0,13.46,3.22,IND,False,0,26.3,69.3,64.6,29.5,47.4,Volatile,38.0,60.0,BALANCED,62.4,62.8,63.8,2,RB2,-66.0,-59.9,10.3,12.6,13.8,6,3,3,1,False,0,0,False,False,,,8.0,13.0,False,False,True,False,False,True,False,True,HOLD,25.0,"Hold - consider benching: tough matchup vs IND, scheme mismatch, unfavorable game script",False,True
Nyheim Hines,LAC,RB,2,,False,False,-0.2,-0.2,-0.2,0.0,0.0,0.0,0.0,2.0,-2.0,0.0,2.0,,,,0.0,0.0,0.0,-0.1,-0.1,-0.1,0.0,0.0,1.0,1.0,3.0,1.67,0.0,0.0,,,,,,,,,,,,,,,,,,,,,,,,,,0,2,100.0,0.0,,,,-0.1,-16.72,-3.85,-62.49,-34.18,0.0,0.0,-0.0,,,-0.1,,8,-0.2,0.0,5.0,0,3.33,0.0,LV,True,0,,,,,,Insufficient Data,0.0,100.0,GAP,1.1,8.5,6.7,5,BENCH,-100.5,-100.6,-101.7,13.5,12.0,1,0,3,1,False,0,0,False,False,,,17.0,13.0,False,False,False,False,False,False,False,False,,,,False,False
Ollie Gordon II,MIA,RB,11,69.0,False,False,43.4,40.4,37.4,8.0,6.0,30.0,1.0,50.0,164.0,2.0,58.0,,,,4.0,26.0,30.0,3.95,3.67,3.4,0.73,0.55,4.55,5.27,23.91,9.97,0.36,2.73,4.03,3.87,3.7,5.6,5.3,5.0,0.33,0.8,8.32,4.0,4.33,21.67,1.0,-1.67,-1.33,-1.0,-1.0,-6.67,-2.67,4.66,118.01,-0.3,-0.3,10.5,13.6,0,8,72.73,75.0,0.0,3.75,5.42,0.75,-12.68,-3.12,-41.58,-25.88,3.0,0.27,41.47,4.47,0.67,5.93,5.1,11,10.5,0.0,39.0,0,17.65,2.61,NO,True,0,56.1,41.2,22.1,25.0,36.1,Volatile,38.0,62.0,GAP,48.9,35.8,51.4,3,RB3,-79.8,-76.2,-34.6,19.5,16.7,2,5,1,1,False,0,0,False,False,,,22.0,13.0,False,False,False,False,True,False,True,False,SELL,75.0,"Sell: scheme fit, favorable game script",False,False
Omarion Hampton,LAC,RB,5,12.0,True,True,77.0,67.0,57.0,22.0,20.0,136.0,0.0,66.0,314.0,2.0,88.0,,,,0.0,12.0,12.0,15.4,13.4,11.4,4.4,4.0,13.2,17.6,73.6,31.58,0.0,2.4,21.8,18.97,16.13,15.4,13.4,11.4,6.0,4.4,34.48,14.33,20.33,75.33,0.0,,,,,,,9.35,60.73,13.0,3.5,27.5,27.5,2,1,20.0,90.91,0.0,6.18,3.5,0.88,-1.22,0.55,8.11,-4.27,2.0,0.4,15.58,12.17,20.25,,,5,13.0,6.0,58.0,0,33.33,11.98,LV,True,0,29.8,74.6,61.1,,55.2,Average,36.0,58.0,BALANCED,92.2,95.7,95.0,1,RB1,-21.3,-7.4,155.0,17.6,12.0,2,2,3,1,False,0,0,False,False,,,17.0,13.0,False,False,False,False,False,False,False,False,HOLD,50.0,Hold,False,False
Owen Wright,TB,RB,3,111.0,False,False,0.6,0.6,0.6,0.0,0.0,0.0,0.0,3.0,6.0,0.0,3.0,,,,0.0,0.0,0.0,0.2,0.2,0.2,0.0,0.0,1.0,1.0,3.33,1.82,0.0,0.0,0.2,0.2,0.2,,,,0.0,,1.82,1.0,1.0,3.33,0.0,,,,,,,0.28,141.42,0.0,,0.6,,0,3,100.0,0.0,,,,0.2,-16.42,-3.85,-62.15,-34.03,0.0,0.0,0.0,,0.0,,0.3,12,0.6,0.0,7.0,0,5.45,0.0,ARI,True,0,98.2,3.5,4.9,,35.5,Volatile,100.0,0.0,ZONE,12.1,8.5,8.9,4,FLEX,-99.0,-98.8,-96.7,15.7,23.7,2,1,0,3,False,0,0,False,False,,,21.0,13.0,False,False,False,False,False,False,True,False,HOLD,60.0,Hold: scheme fit,False,False
Patrick Ricard,BAL,RB,5,113.0,False,False,0.3,0.3,0.3,0.0,0.0,0.0,0.0,1.0,3.0,0.0,1.0,,,,0.0,0.0,0.0,0.06,0.06,0.06,0.0,0.0,0.2,0.2,36.6,0.36,0.0,0.0,0.1,0.1,0.1,0.06,0.06,0.06,0.0,0.0,0.61,0.33,0.33,40.67,0.0,,,,,,,0.12,200.0,0.0,0.0,0.3,0.3,0,5,100.0,0.0,,,,0.3,-16.56,-3.85,-28.89,-35.49,0.0,0.0,0.0,,,0.0,0.1,12,0.0,0.0,38.0,0,0.0,0.0,CIN,True,0,43.0,1.3,2.2,,15.5,Risky,0.0,0.0,BALANCED,9.9,8.5,64.5,5,BENCH,-99.7,-99.6,-99.0,20.4,16.3,0,2,1,2,False,0,0,False,False,,,30.0,13.0,False,True,False,True,False,False,True,False,HOLD,75.0,"Hold - must start: smash spot vs CIN, scheme fit",False,False
Quinshon Judkins,CLE,RB,10,22.0,False,True,129.7,122.7,115.7,20.0,14.0,70.0,0.0,173.0,667.0,7.0,193.0,,,,0.0,49.0,49.0,12.97,12.27,11.57,2.0,1.4,17.3,19.3,49.5,35.91,0.0,4.9,11.03,10.7,10.37,12.84,12.34,11.84,1.67,1.6,40.32,18.33,20.0,53.67,0.0,-0.53,-0.37,-0.2,0.33,7.67,3.33,7.08,54.56,5.9,4.7,16.7,26.4,4,3,30.0,70.0,0.0,3.5,6.48,0.67,-3.65,-1.85,-15.99,0.06,7.0,0.7,32.38,13.3,12.97,15.55,11.03,12,16.7,0.0,49.0,0,36.36,5.29,SF,True,0,34.2,78.9,74.3,45.5,58.2,Average,38.0,59.0,BALANCED,85.1,67.7,77.3,1,RB1,-33.7,-22.0,114.8,14.5,22.2,2,1,1,4,False,3,1,False,False,,,7.0,13.0,False,False,True,False,False,True,False,False,HOLD,35.0,"Hold - consider benching: tough matchup vs SF, unfavorable game script",False,True
RJ Harvey,DEN,RB,11,33.0,False,False,107.9,93.9,79.9,32.0,28.0,195.0,4.0,61.0,244.0,2.0,93.0,,,,9.0,15.0,24.0,9.81,8.54,7.26,2.91,2.55,5.55,8.45,32.09,15.13,0.82,2.18,9.47,7.8,6.13,11.94,10.74,9.54,3.67,2.8,17.89,5.67,9.33,40.33,1.67,-3.13,-3.8,-4.47,1.33,13.67,2.67,6.7,68.3,3.8,3.8,16.6,24.1,3,7,63.64,87.5,0.0,6.09,3.37,1.16,-6.81,-0.94,-33.4,-20.72,6.0,0.55,33.36,5.3,10.77,15.97,5.9,11,8.0,3.0,61.0,0,26.42,8.45,WAS,False,0,45.6,55.3,58.4,34.1,48.4,Volatile,34.0,56.0,BALANCED,77.3,79.4,60.3,1,RB1,-49.9,-41.0,62.4,18.8,15.0,3,5,2,2,False,3,1,False,False,,,29.0,13.0,False,True,False,True,False,False,True,False,SELL,95.0,"Strong sell: smash spot vs WAS, scheme fit",False,False
Rachaad White,TB,RB,11,32.0,False,False,109.2,94.7,80.2,33.0,29.0,148.0,0.0,104.0,414.0,4.0,137.0,,,,12.0,27.0,39.0,9.93,8.61,7.29,3.0,2.64,9.45,12.45,56.27,22.36,1.09,3.55,7.93,6.6,5.27,8.06,6.66,5.26,3.0,3.4,19.88,9.0,12.0,64.0,2.67,-3.43,-3.27,-3.1,-0.67,-10.0,-5.0,6.01,60.56,5.2,5.2,10.4,10.4,2,3,27.27,87.88,0.0,4.48,3.31,0.8,-6.7,-0.85,-9.21,-13.48,4.0,0.36,21.98,6.53,16.43,8.25,7.93,12,5.2,1.0,60.0,0,14.55,9.26,ARI,True,0,3.5,64.0,65.5,23.9,39.2,Volatile,35.0,63.0,GAP,78.0,81.9,83.7,1,RB1,-49.3,-40.3,64.4,12.9,23.7,6,1,0,3,False,5,0,True,False,BUY,Momentum -3.4 | 6 hard past | 3 easy ROS,21.0,13.0,False,False,False,False,False,False,True,False,SELL,80.0,Strong sell: scheme fit,False,False
Raheem Mostert,LV,RB,8,79.0,False,False,24.5,20.0,15.5,9.0,9.0,63.0,0.0,20.0,92.0,0.0,29.0,,,,0.0,8.0,8.0,3.06,2.5,1.94,1.12,1.12,2.5,3.62,21.88,7.26,0.0,1.0,3.6,2.6,1.6,2.88,2.08,1.28,2.0,1.6,6.48,1.33,3.33,19.0,0.0,2.53,1.87,1.2,1.33,0.33,1.0,2.45,80.15,2.5,1.2,5.0,5.0,0,7,87.5,100.0,0.0,7.0,2.72,0.84,-13.56,-2.72,-43.61,-28.59,0.0,0.0,0.0,,3.37,1.8,3.6,12,5.0,3.0,19.0,0,6.67,4.96,LAC,False,0,39.5,46.5,47.8,93.2,56.8,Average,75.0,15.0,ZONE,41.1,53.9,46.1,3,RB3,-84.4,-81.6,-49.3,13.5,14.3,4,3,3,2,False,0,0,False,False,,,23.0,13.0,False,True,False,False,True,False,False,False,BUY,75.0,"Buy: good matchup vs LAC, favorable game script",True,False
Raheim Sanders,CLE,RB,1,,False,False,6.3,6.3,6.3,0.0,0.0,0.0,0.0,3.0,3.0,1.0,3.0,,,,0.0,2.0,2.0,6.3,6.3,6.3,0.0,0.0,3.0,3.0,4.0,4.69,0.0,2.0,,,,,,,,,,,,,,,,,,,,,,,,,,0,1,100.0,0.0,,,,2.1,-10.32,-3.85,-61.49,-31.16,1.0,1.0,95.24,6.3,,,,1,6.3,0.0,4.0,0,4.69,0.0,SF,True,0,,,,,,Insufficient Data,33.0,33.0,BALANCED,60.3,8.5,11.3,2,RB2,-67.8,-62.1,4.3,30.0,22.2,0,1,1,4,False,0,0,False,False,,,7.0,13.0,False,False,True,False,False,True,False,False,,,,False,False
Rasheen Ali,BAL,RB,4,102.0,False,False,3.0,2.5,2.0,1.0,1.0,15.0,0.0,1.0,5.0,0.0,2.0,,,,0.0,2.0,2.0,0.75,0.62,0.5,0.25,0.25,0.25,0.5,7.0,1.09,0.0,0.5,0.83,0.67,0.5,,,,0.33,,0.65,0.0,0.33,8.67,0.0,,,,,,,1.03,137.44,0.0,,2.5,,0,4,100.0,100.0,0.0,15.0,3.0,1.5,-15.87,-3.6,-58.49,-34.76,0.0,0.0,0.0,0.5,0.0,,2.5,11,2.5,1.0,20.0,0,1.96,1.0,CIN,True,0,57.9,10.5,8.0,,25.5,Risky,0.0,100.0,GAP,20.6,22.7,16.0,4,FLEX,-96.2,-95.5,-87.6,14.2,16.3,2,1,1,2,False,0,0,False,False,,,30.0,13.0,False,True,False,True,False,False,True,False,HOLD,75.0,"Hold - must start: smash spot vs CIN, scheme fit",False,False
Ray Davis,BUF,RB,11,85.0,False,False,22.2,20.2,18.2,7.0,4.0,18.0,1.0,24.0,44.0,0.0,31.0,,,,3.0,4.0,7.0,2.02,1.84,1.65,0.64,0.36,2.18,2.82,10.64,5.26,0.27,0.64,2.27,2.1,1.93,1.68,1.58,1.48,0.67,0.6,2.38,0.67,1.33,7.0,0.33,-1.57,-1.4,-1.23,-0.33,-4.0,-2.67,3.01,149.01,0.0,0.0,6.0,6.0,0,10,90.91,57.14,0.0,2.57,3.17,0.72,-14.6,-3.21,-54.85,-30.59,1.0,0.09,27.03,1.17,3.43,0.8,2.27,12,6.0,0.0,9.0,0,0.0,1.9,PIT,False,0,70.2,8.8,8.8,19.3,26.8,Risky,46.0,54.0,BALANCED,36.2,33.0,23.4,3,RB3,-89.7,-87.8,-66.6,16.3,15.0,3,3,1,1,False,0,0,False,False,,,12.0,13.0,False,False,False,False,False,True,False,False,SELL,55.0,Consider selling: unfavorable game script,False,False
Reggie Gilliam,BUF,RB,11,112.0,False,False,1.2,0.7,0.2,1.0,1.0,2.0,0.0,0.0,0.0,0.0,1.0,,,,0.0,0.0,0.0,0.11,0.06,0.02,0.09,0.09,0.0,0.09,23.91,0.18,0.0,0.0,0.4,0.23,0.07,0.24,0.14,0.04,0.33,0.2,0.65,0.0,0.33,21.33,0.0,0.4,0.23,0.07,0.33,-13.33,0.33,0.34,316.23,0.0,0.0,1.2,1.2,0,11,100.0,100.0,0.0,2.0,1.2,1.2,-16.51,-3.76,-41.58,-35.67,0.0,0.0,0.0,0.0,0.0,0.0,0.4,12,1.2,1.0,17.0,0,1.96,0.62,PIT,False,0,52.6,0.0,0.0,82.4,33.8,Volatile,,,,10.6,17.0,51.4,4,FLEX,-99.4,-99.3,-98.2,16.3,15.0,3,3,1,1,False,0,0,False,False,,,12.0,13.0,False,False,False,False,False,True,,,HOLD,45.0,Hold: unfavorable game script,False,False
Rhamondre Stevenson,NE,RB,9,43.0,False,False,76.8,68.3,59.8,21.0,17.0,174.0,0.0,89.0,284.0,3.0,110.0,,,,2.0,20.0,22.0,8.53,7.59,6.64,2.33,1.89,9.89,12.22,58.56,24.93,0.22,2.44,8.23,7.57,6.9,8.24,7.64,7.04,2.0,1.8,28.31,12.67,14.67,60.0,0.67,1.03,0.87,0.7,0.67,-0.33,3.67,6.7,78.49,2.0,1.8,16.8,16.8,2,6,66.67,80.95,0.0,8.29,3.66,0.7,-8.09,-1.52,-6.93,-10.92,3.0,0.33,23.44,10.17,7.2,11.35,2.0,12,2.0,2.0,31.0,0,13.56,6.88,NYG,True,0,16.7,71.1,52.2,61.4,50.4,Average,38.0,56.0,BALANCED,69.5,70.6,87.2,2,RB2,-56.4,-48.7,41.2,22.4,24.4,0,5,0,3,True,3,1,False,False,,,32.0,13.0,False,True,False,True,False,False,True,False,HOLD,75.0,"Hold - must start: smash spot vs NYG, scheme fit",False,False
Rico Dowdle,CAR,RB,12,17.0,False,True,173.4,159.9,146.4,34.0,27.0,233.0,1.0,174.0,871.0,5.0,208.0,,,,6.0,50.0,56.0,14.45,13.32,12.2,2.83,2.25,14.5,17.33,56.42,32.34,0.5,4.67,13.9,11.9,9.9,15.04,13.64,12.24,4.67,3.4,37.91,14.33,19.0,75.33,1.67,-0.8,-2.3,-3.8,3.0,24.0,0.67,10.68,73.88,11.4,5.4,15.3,28.1,5,4,33.33,79.41,0.0,6.85,5.1,0.83,-2.17,-1.02,-9.07,-3.51,6.0,0.5,20.76,5.77,23.43,14.7,13.9,12,11.4,4.0,65.0,0,27.78,11.91,LAR,True,0,4.4,48.2,54.9,42.0,37.4,Volatile,45.0,53.0,BALANCED,88.7,77.7,85.1,1,RB1,-26.1,-13.1,139.3,16.8,12.8,3,3,2,0,True,1,0,False,False,,,9.0,13.0,False,False,True,False,False,False,False,False,HOLD,40.0,Hold - consider benching: tough matchup vs LAR,False,False
Ronnie Rivers,LAR,RB,1,,False,False,0.0,0.0,0.0,0.0,0.0,0.0,0.0,0.0,0.0,0.0,0.0,,,,0.0,0.0,0.0,0.0,0.0,0.0,0.0,0.0,0.0,0.0,1.0,0.0,0.0,0.0,,,,,,,,,,,,,,,,,,,,,,,,,,0,1,100.0,0.0,,,,,-16.62,-3.85,-64.49,-35.85,0.0,0.0,0.0,,,0.0,,7,0.0,0.0,1.0,0,0.0,0.0,CAR,False,0,,,,,,Insufficient Data,,,,5.7,8.5,3.9,5,BENCH,-100.0,-100.0,-100.0,2.0,16.8,1,0,2,1,False,0,0,False,False,,,28.0,13.0,False,True,False,True,False,False,,,,,,False,False
Roschon Johnson,CHI,RB,2,,False,False,1.7,1.7,1.7,0.0,0.0,0.0,0.0,2.0,17.0,0.0,2.0,,,,0.0,0.0,0.0,0.85,0.85,0.85,0.0,0.0,1.0,1.0,3.0,1.78,0.0,0.0,,,,,,,,,,,,,,,,,,,,,,,,,,0,2,100.0,0.0,,,,0.85,-15.77,-3.85,-62.49,-34.07,0.0,0.0,0.0,,0.6,1.1,,7,1.1,0.0,1.0,0,1.64,0.0,PHI,False,0,,,,,,Insufficient Data,50.0,50.0,BALANCED,22.7,8.5,6.7,4,FLEX,-95.7,-94.9,-85.9,25.5,11.7,0,1,2,0,False,0,0,False,False,,,16.0,13.0,False,False,False,False,False,False,False,False,,,,False,False
Samaje Perine,CIN,RB,9,73.0,False,False,33.8,30.3,26.8,9.0,7.0,30.0,0.0,32.0,198.0,1.0,41.0,,,,1.0,3.0,4.0,3.76,3.37,2.98,1.0,0.78,3.56,4.56,31.67,8.67,0.11,0.44,6.87,6.7,6.53,6.14,5.64,5.14,0.33,1.2,10.44,5.67,6.0,26.67,0.0,3.37,3.87,4.37,-1.67,-14.67,0.33,5.05,134.58,0.5,0.5,17.0,17.0,1,8,88.89,77.78,0.0,3.33,3.76,0.82,-12.87,-2.85,-33.82,-27.18,1.0,0.11,17.75,0.9,3.5,6.87,,9,0.5,0.0,1.0,0,1.69,3.11,BAL,False,0,22.8,23.7,13.3,80.7,35.1,Volatile,75.0,22.0,ZONE,46.1,47.5,59.6,3,RB3,-80.8,-77.4,-37.7,13.1,19.3,3,1,0,2,False,0,0,False,False,,,14.0,13.0,False,False,False,False,False,False,False,True,BUY,60.0,Speculative buy: scheme mismatch,False,False
Saquon Barkley,PHI,RB,11,15.0,False,True,163.3,145.8,128.3,41.0,35.0,259.0,2.0,185.0,684.0,4.0,226.0,,,,11.0,45.0,56.0,14.85,13.25,11.66,3.73,3.18,16.82,20.55,78.55,42.44,1.0,5.09,11.83,10.0,8.17,14.82,13.22,11.62,4.33,3.8,45.17,19.33,23.67,78.0,2.0,-3.93,-4.6,-5.27,1.33,5.33,6.0,7.2,48.51,10.0,5.2,13.1,33.4,5,1,9.09,85.37,0.0,6.32,3.98,0.72,-1.78,-0.12,13.06,6.59,6.0,0.55,22.05,15.1,14.63,19.3,11.83,12,12.4,8.0,83.0,0,38.3,14.4,CHI,True,0,54.4,82.5,81.4,33.0,62.8,Average,55.0,39.0,BALANCED,90.1,92.2,97.9,1,RB1,-24.1,-10.7,145.9,17.1,26.0,4,4,0,5,False,6,1,True,False,BUY,Momentum -3.9 | 4 hard past | 5 easy ROS,27.0,13.0,False,True,False,False,False,False,False,False,SELL,80.0,Strong sell: good matchup vs CHI,False,False
Scott Matlock,LAC,RB,2,,False,False,0.0,-1.0,-2.0,2.0,2.0,3.0,1.0,0.0,0.0,0.0,2.0,,,,0.0,0.0,0.0,0.0,-0.5,-1.0,1.0,1.0,0.0,1.0,0.0,2.02,0.0,0.0,,,,,,,,,,,,,,,,,,,,,,,,,,0,2,100.0,100.0,0.0,1.5,0.0,0.0,-16.62,-2.85,-65.49,-33.83,1.0,0.5,0.0,,0.0,0.0,,9,0.0,1.0,0.0,0,2.04,3.1,LV,True,0,,,,,,Insufficient Data,,,,5.7,47.5,1.8,5,BENCH,-100.0,-100.0,-100.0,29.0,12.0,0,2,3,1,False,0,0,False,False,,,17.0,13.0,False,False,False,False,False,False,,,,,,False,False
Sean Tucker,TB,RB,9,48.0,False,False,69.1,65.1,61.1,10.0,8.0,34.0,1.0,63.0,277.0,4.0,73.0,,,,3.0,17.0,20.0,7.68,7.23,6.79,1.11,0.89,7.0,8.11,22.78,14.47,0.33,2.22,15.23,14.57,13.9,11.5,11.0,10.5,2.0,1.4,25.88,13.33,15.33,37.67,0.67,8.47,7.97,7.47,1.67,15.33,8.67,9.9,128.89,5.6,1.6,34.0,34.0,1,6,66.67,80.0,0.0,3.4,6.91,0.95,-8.94,-2.74,-42.71,-21.38,5.0,0.56,43.42,0.1,5.7,5.9,15.23,12,5.6,2.0,37.0,0,25.45,4.1,ARI,True,0,19.3,21.9,15.9,86.4,35.9,Volatile,41.0,59.0,BALANCED,66.0,53.2,48.2,2,RB2,-60.7,-53.8,27.2,11.8,23.7,6,1,0,3,False,4,5,True,True,SELL,Hot +8.5 | L3 at 198% of avg | High TD 56%,21.0,13.0,False,False,False,False,False,False,True,False,BUY,80.0,Strong buy: scheme fit,False,False
Sione Vaki,DET,RB,1,,False,False,0.4,0.4,0.4,0.0,0.0,0.0,0.0,1.0,4.0,0.0,1.0,,,,0.0,0.0,0.0,0.4,0.4,0.4,0.0,0.0,1.0,1.0,1.0,1.56,0.0,0.0,,,,,,,,,,,,,,,,,,,,,,,,,,0,1,100.0,0.0,,,,0.4,-16.22,-3.85,-64.49,-34.29,0.0,0.0,0.0,,,,0.4,10,0.4,0.0,1.0,0,1.56,0.0,GB,True,0,,,,,,Insufficient Data,,,,16.3,8.5,3.9,4,FLEX,-98.0,-97.6,-93.4,29.0,17.3,0,1,1,2,False,0,0,False,False,,,13.0,13.0,False,False,False,False,False,False,,,,,,False,False
Tahj Brooks,CIN,RB,4,104.0,False,False,2.8,2.8,2.8,1.0,0.0,0.0,0.0,9.0,28.0,0.0,10.0,,,,0.0,0.0,0.0,0.7,0.7,0.7,0.25,0.0,2.25,2.5,11.75,4.9,0.0,0.0,0.37,0.37,0.37,,,,0.33,,2.91,1.33,1.67,9.67,0.0,,,,,,,0.6,85.71,0.1,,0.5,,0,4,100.0,0.0,,0.0,2.8,0.28,-15.92,-3.6,-53.74,-30.95,0.0,0.0,0.0,1.7,,0.1,0.5,12,0.5,1.0,14.0,0,5.36,0.74,BAL,False,0,88.6,28.9,34.5,,50.7,Average,89.0,11.0,ZONE,19.1,22.7,29.8,4,FLEX,-96.4,-95.8,-88.4,14.8,19.3,1,1,0,2,False,0,0,False,False,,,14.0,13.0,False,False,False,False,False,False,False,True,HOLD,40.0,Hold: scheme mismatch,False,False
Tank Bigsby,PHI,RB,6,78.0,False,False,18.5,18.0,17.5,1.0,1.0,-1.0,0.0,23.0,176.0,0.0,24.0,,,,0.0,6.0,6.0,3.08,3.0,2.92,0.17,0.17,3.83,4.0,14.17,8.24,0.0,1.0,1.63,1.63,1.63,3.46,3.36,3.26,0.0,0.2,4.97,2.67,2.67,9.67,0.0,-2.9,-2.73,-2.57,-0.33,-9.0,-2.67,3.4,110.18,0.7,0.7,3.4,10.4,0,5,83.33,100.0,0.0,-1.0,18.5,0.77,-13.54,-3.68,-51.32,-27.61,0.0,0.0,0.0,1.2,,6.2,1.63,12,0.8,0.0,5.0,0,2.13,0.87,CHI,True,0,64.0,36.8,23.9,9.1,33.4,Volatile,39.0,57.0,BALANCED,41.8,18.4,33.3,3,RB3,-84.3,-81.5,-49.0,20.3,26.0,1,3,0,5,False,0,0,False,False,,,27.0,13.0,False,True,False,False,False,False,False,False,SELL,70.0,Sell: good matchup vs CHI,False,False
Terrell Jennings,NE,RB,5,80.0,False,False,15.2,14.7,14.2,1.0,1.0,9.0,0.0,23.0,73.0,1.0,24.0,,,,0.0,4.0,4.0,3.04,2.94,2.84,0.2,0.2,4.6,4.8,11.6,9.25,0.0,0.8,3.97,3.8,3.63,3.04,2.94,2.84,0.33,0.2,10.78,5.33,5.67,12.33,0.0,,,,,,,4.23,139.17,0.0,0.0,11.4,11.4,0,4,80.0,100.0,0.0,9.0,15.2,0.63,-13.58,-3.65,-53.89,-26.6,1.0,0.2,39.47,,,4.9,0.25,12,0.0,0.0,4.0,0,1.69,0.71,NYG,True,0,62.3,20.2,9.7,,30.7,Volatile,17.0,83.0,GAP,40.4,19.9,28.4,3,RB3,-84.5,-81.7,-49.7,20.0,24.4,0,2,0,3,True,0,0,False,False,,,32.0,13.0,False,True,False,True,False,False,True,False,HOLD,75.0,"Hold - must start: smash spot vs NYG, scheme fit",False,False
Tony Pollard,TEN,RB,11,36.0,False,False,103.0,90.0,77.0,32.0,26.0,168.0,0.0,140.0,522.0,2.0,172.0,,,,0.0,26.0,26.0,9.36,8.18,7.0,2.91,2.36,12.73,15.64,66.91,33.71,0.0,2.36,7.17,5.83,4.5,7.98,6.48,4.98,3.33,3.6,29.07,10.33,13.67,54.0,0.0,-1.2,-1.03,-0.87,0.0,5.33,1.33,2.95,31.55,5.6,5.6,8.1,12.1,0,5,45.45,81.25,0.0,5.25,3.22,0.6,-7.26,-0.94,1.42,-2.14,2.0,0.18,11.65,10.33,10.7,8.73,6.85,12,8.1,5.0,51.0,0,29.63,11.28,JAC,True,0,11.4,92.1,94.7,36.4,58.6,Average,51.0,49.0,BALANCED,74.5,79.4,92.2,2,RB2,-52.2,-43.7,55.0,9.5,8.3,8,1,4,0,False,2,2,False,False,,,2.0,13.0,False,False,True,False,False,True,False,True,HOLD,25.0,"Hold - consider benching: tough matchup vs JAC, scheme mismatch, unfavorable game script",False,False
Travis Etienne Jr.,JAC,RB,11,14.0,False,True,163.5,151.5,139.5,37.0,24.0,160.0,2.0,169.0,815.0,5.0,206.0,,,,11.0,69.0,80.0,14.86,13.77,12.68,3.36,2.18,15.36,18.73,58.55,33.6,1.0,7.27,18.53,17.7,16.87,15.72,14.62,13.52,3.33,3.6,37.7,16.67,20.0,56.67,2.33,7.7,8.53,9.37,-1.0,-1.33,1.67,4.69,31.54,15.7,6.5,20.6,20.6,7,1,9.09,64.86,0.0,4.32,4.42,0.79,-1.76,-0.49,-6.94,-2.25,7.0,0.64,25.69,15.7,12.6,11.5,18.53,12,20.6,4.0,65.0,0,35.85,12.27,TEN,False,0,90.4,94.7,95.6,76.1,89.2,Elite,50.0,43.0,BALANCED,90.8,86.2,86.5,1,RB1,-24.1,-10.6,146.1,14.0,15.3,6,3,3,2,False,1,3,False,False,,,26.0,13.0,False,True,False,False,False,False,False,False,BUY,80.0,Strong buy: good matchup vs TEN,False,False
Travis Homer,CHI,RB,2,,False,False,-0.2,-0.2,-0.2,0.0,0.0,0.0,0.0,1.0,-2.0,0.0,1.0,,,,0.0,0.0,0.0,-0.1,-0.1,-0.1,0.0,0.0,0.5,0.5,3.5,0.79,0.0,0.0,,,,,,,,,,,,,,,,,,,,,,,,,,0,2,100.0,0.0,,,,-0.2,-16.72,-3.85,-61.99,-35.06,0.0,0.0,-0.0,,,0.0,-0.2,11,-0.2,0.0,1.0,0,1.59,0.0,PHI,False,0,,,,,,Insufficient Data,0.0,100.0,GAP,1.1,8.5,9.9,5,BENCH,-100.5,-100.6,-101.7,24.5,11.7,0,1,2,0,False,0,0,False,False,,,16.0,13.0,False,False,False,False,False,False,False,False,,,,False,False
Trayveon Williams,LAC,RB,1,,False,False,0.9,0.4,-0.1,1.0,1.0,0.0,0.0,3.0,-1.0,0.0,4.0,,,,0.0,0.0,0.0,0.9,0.4,-0.1,1.0,1.0,3.0,4.0,38.0,11.76,0.0,0.0,,,,,,,,,,,,,,,,,,,,,,,,,,0,1,100.0,100.0,0.0,0.0,0.9,0.22,-15.72,-2.85,-27.49,-24.08,0.0,0.0,0.0,,,,0.9,11,0.9,1.0,38.0,0,11.76,4.17,LV,True,0,,,,,,Insufficient Data,67.0,33.0,ZONE,24.1,47.5,66.0,4,FLEX,-95.4,-94.6,-85.1,2.0,12.0,1,0,3,1,False,0,0,False,False,,,17.0,13.0,False,False,False,False,False,False,False,False,,,,False,False
TreVeyon Henderson,NE,RB,12,25.0,False,False,136.8,122.3,107.8,34.0,29.0,180.0,1.0,118.0,558.0,5.0,152.0,,,,4.0,34.0,38.0,11.4,10.19,8.98,2.83,2.42,9.83,12.67,47.58,24.27,0.33,3.17,23.8,22.3,20.8,17.92,16.62,15.32,3.33,3.2,36.72,17.0,20.33,79.0,1.0,17.57,16.73,15.9,1.33,42.33,9.67,9.14,80.21,11.1,5.5,32.3,32.3,2,6,50.0,85.29,0.0,5.29,4.02,0.9,-5.22,-1.02,-17.9,-11.58,6.0,0.5,26.32,8.27,7.3,6.23,23.8,12,11.1,4.0,65.0,0,37.29,10.41,NYG,True,0,0.9,50.0,50.4,96.6,49.5,Volatile,33.0,62.0,GAP,83.0,77.7,74.5,1,RB1,-41.7,-31.4,88.8,21.2,24.4,0,5,0,3,True,3,5,False,True,SELL,Hot +17.6 | L3 at 209% of avg | 5 easy past,32.0,13.0,False,True,False,True,False,False,True,False,BUY,95.0,"Strong buy: smash spot vs NYG, scheme fit",False,False
Trevor Etienne,CAR,RB,10,97.0,False,False,10.3,9.3,8.3,2.0,2.0,9.0,0.0,20.0,94.0,0.0,22.0,,,,0.0,8.0,8.0,1.03,0.93,0.83,0.2,0.2,2.0,2.2,7.7,3.93,0.0,0.8,0.6,0.6,0.6,0.7,0.7,0.7,0.0,0.0,3.21,1.67,1.67,5.0,0.0,-1.27,-1.1,-0.93,-0.33,-7.67,-1.0,1.63,158.29,0.0,0.0,1.6,1.7,0,10,100.0,100.0,0.0,4.5,5.15,0.47,-15.59,-3.65,-57.79,-31.92,0.0,0.0,0.0,-0.13,2.97,0.53,0.2,11,0.2,0.0,5.0,0,1.47,0.0,LAR,True,0,86.8,13.2,7.1,6.8,28.5,Risky,40.0,55.0,BALANCED,26.2,19.9,17.7,3,RB3,-94.7,-93.8,-82.9,17.3,12.8,2,3,2,0,True,0,0,False,False,,,9.0,13.0,False,False,True,False,False,False,False,False,HOLD,40.0,Hold - consider benching: tough matchup vs LAR,False,False
Trey Benson,ARI,RB,4,41.0,False,False,35.4,28.9,22.4,16.0,13.0,64.0,0.0,29.0,160.0,0.0,45.0,,,,2.0,3.0,5.0,8.85,7.22,5.6,4.0,3.25,7.25,11.25,48.25,22.58,0.5,1.25,8.97,6.97,4.97,,,,5.0,,23.98,7.0,12.0,53.33,0.67,,,,,,,0.91,10.25,8.1,,10.4,,0,0,0.0,81.25,0.0,4.0,2.21,0.79,-7.77,0.15,-17.24,-13.27,0.0,0.0,0.0,8.33,10.4,,,4,10.4,5.0,55.0,0,25.0,12.48,TB,False,0,33.3,86.8,99.1,,73.1,Reliable,31.0,69.0,GAP,70.9,93.3,75.2,2,RB2,-54.8,-46.8,46.5,15.0,14.3,2,1,3,1,False,0,0,False,False,,,15.0,13.0,False,False,False,False,False,True,True,False,HOLD,55.0,"Hold: scheme fit, unfavorable game script",False,False
Trey Sermon,PIT,RB,1,,False,False,0.0,0.0,0.0,0.0,0.0,0.0,0.0,0.0,0.0,0.0,0.0,,,,0.0,0.0,0.0,0.0,0.0,0.0,0.0,0.0,0.0,0.0,2.0,0.0,0.0,0.0,,,,,,,,,,,,,,,,,,,,,,,,,,0,1,100.0,0.0,,,,,-16.62,-3.85,-63.49,-35.85,0.0,0.0,0.0,,,0.0,,9,0.0,0.0,2.0,0,0.0,0.0,BUF,True,0,,,,,,Insufficient Data,,,,5.7,8.5,5.0,5,BENCH,-100.0,-100.0,-100.0,8.0,17.5,1,0,1,2,False,0,0,False,False,,,31.0,13.0,False,True,False,True,True,False,,,,,,False,False
Ty Johnson,BUF,RB,11,64.0,False,False,48.1,42.6,37.1,16.0,11.0,161.0,1.0,21.0,90.0,1.0,37.0,,,,4.0,8.0,12.0,4.37,3.87,3.37,1.45,1.0,1.91,3.36,29.27,6.47,0.36,1.09,9.27,8.1,6.93,7.68,6.78,5.88,2.33,1.8,7.18,1.33,3.67,35.67,0.67,4.87,4.2,3.53,1.0,4.33,0.0,4.54,103.87,4.6,0.6,15.0,15.0,1,8,72.73,68.75,0.0,10.06,3.01,1.3,-12.25,-2.4,-36.21,-29.38,2.0,0.18,24.95,2.03,1.2,5.3,9.27,12,8.2,3.0,35.0,0,9.8,5.84,PIT,False,0,64.9,71.9,30.1,84.1,62.8,Average,76.0,14.0,ZONE,53.2,58.9,57.4,2,RB2,-77.7,-73.7,-27.6,16.3,15.0,3,3,1,1,False,0,0,False,False,,,12.0,13.0,False,False,False,False,False,True,False,False,BUY,65.0,Buy: unfavorable game script,False,False
Tyjae Spears,TEN,RB,7,44.0,False,False,58.7,47.7,36.7,24.0,22.0,148.0,0.0,37.0,159.0,1.0,61.0,,,,6.0,8.0,14.0,8.39,6.81,5.24,3.43,3.14,5.29,8.71,45.71,18.26,0.86,2.0,8.03,6.03,4.03,9.66,7.86,6.06,4.33,4.0,19.71,4.67,9.0,47.0,1.33,-3.03,-3.37,-3.7,0.67,-4.33,-1.0,4.36,51.98,6.5,6.5,9.2,17.2,1,3,42.86,91.67,0.0,6.17,2.45,0.96,-8.24,-0.42,-19.77,-17.59,1.0,0.14,10.22,,5.2,11.13,7.45,12,6.5,5.0,43.0,0,14.81,12.56,JAC,True,0,46.5,79.8,75.2,30.7,58.0,Average,51.0,43.0,BALANCED,68.8,87.9,70.2,2,RB2,-57.1,-49.5,38.9,11.1,8.3,4,1,4,0,False,4,2,True,False,BUY,Momentum -3.0 | 4 hard past | Targets stable,2.0,13.0,False,False,True,False,False,True,False,True,SELL,45.0,"Consider selling: tough matchup vs JAC, scheme mismatch, unfavorable game script",False,True
Tyler Allgeier,ATL,RB,11,47.0,False,False,85.5,81.5,77.5,9.0,8.0,31.0,0.0,89.0,324.0,7.0,98.0,,,,2.0,43.0,45.0,7.77,7.41,7.05,0.82,0.73,8.09,8.91,29.09,16.28,0.18,4.09,11.07,10.57,10.07,8.64,8.14,7.64,1.0,1.0,19.17,8.67,9.67,32.33,0.33,7.2,7.03,6.87,0.33,1.33,5.67,5.56,71.48,5.9,0.6,17.7,17.7,2,5,45.45,88.89,0.0,3.44,9.5,0.87,-8.85,-3.03,-36.4,-19.57,7.0,0.64,49.12,6.27,10.95,3.87,11.07,12,5.9,1.0,39.0,0,27.66,3.71,NYJ,False,0,53.5,47.4,56.6,90.9,62.1,Average,74.0,24.0,ZONE,66.7,37.9,56.7,2,RB2,-60.3,-53.3,28.7,19.4,15.0,3,5,2,0,False,1,6,False,True,SELL,Hot +7.2 | L3 at 142% of avg | 5 easy past,20.0,13.0,False,False,False,False,True,False,False,False,BUY,75.0,Buy: favorable game script,False,False
Tyler Badie,DEN,RB,10,84.0,False,False,20.6,15.1,9.6,19.0,11.0,87.0,0.0,2.0,9.0,0.0,21.0,,,,3.0,0.0,3.0,2.06,1.51,0.96,1.9,1.1,0.2,2.1,17.9,3.61,0.3,0.3,1.2,0.7,0.2,1.62,1.12,0.62,1.67,1.4,3.16,0.0,1.67,18.67,0.67,-1.17,-1.17,-1.17,0.33,-4.33,0.0,1.51,73.08,0.0,0.0,2.6,3.9,0,10,100.0,57.89,0.0,4.58,1.08,0.98,-14.56,-1.95,-47.59,-32.24,0.0,0.0,0.0,2.6,2.35,2.37,0.5,11,1.0,1.0,13.0,0,1.89,3.91,WAS,False,0,78.9,24.6,55.8,14.8,43.5,Volatile,100.0,0.0,ZONE,36.9,65.2,40.4,3,RB3,-89.5,-87.6,-65.9,18.7,15.0,3,5,2,2,False,0,0,False,False,,,29.0,13.0,False,True,False,True,False,False,True,False,HOLD,75.0,"Hold - must start: smash spot vs WAS, scheme fit",False,False
Tyler Goodson,IND,RB,6,105.0,False,False,4.0,3.0,2.0,3.0,2.0,8.0,0.0,5.0,12.0,0.0,8.0,,,,1.0,0.0,1.0,0.67,0.5,0.33,0.5,0.33,0.83,1.33,6.83,2.63,0.17,0.17,0.73,0.57,0.4,0.68,0.48,0.28,0.67,0.6,1.61,0.33,1.0,6.33,0.33,0.13,0.13,0.13,0.33,-1.0,-0.67,0.6,89.44,0.0,0.0,1.8,1.8,0,6,100.0,66.67,0.0,2.67,1.33,0.5,-15.96,-3.35,-58.65,-33.22,0.0,0.0,0.0,0.6,1.0,1.0,0.2,12,0.0,0.0,2.0,0,0.0,1.46,HOU,True,0,94.7,44.7,35.4,65.9,60.2,Average,20.0,80.0,GAP,18.4,28.7,14.9,4,FLEX,-96.6,-96.0,-88.9,16.2,4.0,2,2,6,0,False,0,0,False,False,,,5.0,13.0,False,False,True,False,False,False,False,True,HOLD,30.0,"Hold - consider benching: tough matchup vs HOU, scheme mismatch",False,True
Tyrone Tracy Jr.,NYG,RB,10,42.0,False,False,87.4,76.9,66.4,30.0,21.0,206.0,0.0,103.0,398.0,1.0,133.0,,,,0.0,12.0,12.0,8.74,7.69,6.64,3.0,2.1,10.3,13.3,49.5,24.26,0.0,1.2,14.0,12.67,11.33,11.2,9.9,8.6,3.33,3.4,33.62,17.67,21.0,63.0,0.0,5.8,5.3,4.8,1.0,15.33,10.67,4.83,55.28,8.1,6.7,17.9,17.9,2,5,50.0,70.0,0.0,6.87,2.91,0.66,-7.88,-0.85,-15.99,-11.59,1.0,0.1,6.86,6.73,0.6,8.2,14.0,12,16.0,4.0,71.0,0,35.29,11.66,NE,False,0,12.3,58.8,70.8,75.0,54.2,Average,,,,70.2,81.9,77.3,2,RB2,-55.3,-47.4,44.7,15.2,18.0,4,3,1,2,True,2,4,False,True,SELL,Hot +5.8 | L3 at 160% of avg,1.0,13.0,False,False,True,False,False,True,,,BUY,55.0,"Speculative buy: tough matchup vs NE, unfavorable game script",False,True
Ulysses Bentley IV,IND,RB,1,,False,False,0.0,0.0,0.0,0.0,0.0,0.0,0.0,1.0,0.0,0.0,1.0,,,,0.0,0.0,0.0,0.0,0.0,0.0,0.0,0.0,1.0,1.0,3.0,1.61,0.0,0.0,,,,,,,,,,,,,,,,,,,,,,,,,,0,1,100.0,0.0,,,,0.0,-16.62,-3.85,-62.49,-34.24,0.0,0.0,0.0,0.0,,,,1,0.0,0.0,3.0,0,1.61,0.0,HOU,True,0,,,,,,Insufficient Data,100.0,0.0,ZONE,5.7,8.5,6.7,5,BENCH,-100.0,-100.0,-100.0,25.0,4.0,0,1,6,0,False,0,0,False,False,,,5.0,13.0,False,False,True,False,False,False,False,True,,,,False,False
Will Shipley,PHI,RB,9,94.0,False,False,11.3,9.3,7.3,6.0,4.0,28.0,0.0,11.0,45.0,0.0,17.0,,,,0.0,0.0,0.0,1.26,1.03,0.81,0.67,0.44,1.22,1.89,11.44,3.92,0.0,0.0,1.8,1.47,1.13,1.46,1.16,0.86,0.67,0.6,3.85,1.33,2.0,14.0,0.0,1.17,1.0,0.83,0.33,2.33,0.67,1.72,136.98,0.0,0.0,5.4,5.4,0,9,100.0,66.67,0.0,4.67,1.88,0.66,-15.37,-3.18,-54.04,-31.93,0.0,0.0,0.0,2.6,0.47,0.95,1.8,12,0.0,0.0,13.0,0,0.0,2.61,CHI,True,0,91.2,14.0,12.4,89.8,51.8,Average,55.0,36.0,BALANCED,28.4,34.0,26.2,3,RB3,-93.6,-92.4,-79.1,19.2,26.0,2,4,0,5,False,0,0,False,False,,,27.0,13.0,False,True,False,False,False,False,False,False,HOLD,60.0,Hold: good matchup vs CHI,False,False
Woody Marks,HOU,RB,11,37.0,False,False,101.7,93.2,84.7,26.0,17.0,185.0,2.0,115.0,422.0,2.0,141.0,,,,10.0,35.0,45.0,9.25,8.47,7.7,2.36,1.55,10.45,12.82,49.73,21.9,0.91,4.09,10.03,9.37,8.7,9.58,8.78,7.98,1.67,2.4,30.27,16.0,17.67,71.67,2.0,-0.07,0.43,0.93,-2.33,21.33,3.33,7.7,83.32,6.1,2.7,16.1,16.1,3,7,63.64,65.38,0.0,7.12,3.91,0.72,-7.38,-1.49,-15.76,-13.95,4.0,0.36,23.6,3.67,15.15,10.1,10.03,12,7.9,1.0,69.0,0,32.69,6.22,IND,False,0,8.8,57.9,46.0,48.9,40.4,Volatile,41.0,55.0,BALANCED,73.8,72.7,78.7,2,RB2,-52.7,-44.4,53.2,12.6,13.8,6,3,3,1,False,1,2,False,False,,,8.0,13.0,False,False,True,False,False,True,False,True,HOLD,25.0,"Hold - consider benching: tough matchup vs IND, scheme mismatch, unfavorable game script",False,True
Zach Charbonnet,SEA,RB,10,34.0,False,False,96.2,91.7,87.2,10.0,9.0,67.0,0.0,111.0,385.0,7.0,121.0,,,,2.0,55.0,57.0,9.62,9.17,8.72,1.0,0.9,11.1,12.1,47.4,22.75,0.2,5.7,10.17,9.83,9.5,11.12,10.62,10.12,0.67,1.0,19.47,10.33,11.0,37.0,0.33,0.23,0.57,0.9,-0.67,-11.67,-1.0,5.06,52.63,6.7,5.6,14.3,19.5,1,4,40.0,90.0,0.0,6.7,9.62,0.8,-7.0,-2.85,-18.09,-13.1,7.0,0.7,43.66,5.85,9.63,12.55,10.17,12,9.5,0.0,31.0,0,13.64,3.17,MIN,True,0,50.0,88.6,76.1,52.3,66.8,Average,66.0,31.0,ZONE,75.9,47.5,73.8,1,RB1,-50.8,-42.1,59.3,14.7,14.8,4,2,3,1,False,1,1,False,False,,,19.0,13.0,False,False,False,False,True,False,True,False,HOLD,65.0,"Hold: scheme fit, favorable game script",False,False
Zamir White,LV,RB,3,83.0,False,False,7.4,5.9,4.4,5.0,3.0,19.0,0.0,10.0,25.0,0.0,15.0,,,,0.0,0.0,0.0,2.47,1.97,1.47,1.67,1.0,3.33,5.0,24.33,9.05,0.0,0.0,2.47,1.97,1.47,,,,1.67,,9.05,3.33,5.0,24.33,0.0,,,,,,,1.18,47.78,0.8,,3.3,,0,3,100.0,60.0,0.0,3.8,1.48,0.49,-14.16,-2.18,-41.15,-26.8,0.0,0.0,0.0,2.47,,,,3,3.3,2.0,29.0,0,13.21,4.69,LAC,False,0,55.3,68.0,69.9,,64.4,Average,90.0,10.0,ZONE,38.3,61.7,53.2,3,RB3,-87.4,-85.1,-59.1,17.7,14.3,1,2,3,2,False,0,0,False,False,,,23.0,13.0,False,True,False,False,True,False,False,False,HOLD,65.0,"Hold: good matchup vs LAC, favorable game script",False,False
Zavier Scott,MIN,RB,5,57.0,False,False,28.2,23.2,18.2,12.0,10.0,73.0,1.0,21.0,69.0,0.0,33.0,,,,2.0,2.0,4.0,5.64,4.64,3.64,2.4,2.0,4.2,6.6,22.6,12.26,0.4,0.8,1.93,1.43,0.93,5.64,4.64,3.64,1.0,2.4,9.22,3.67,4.67,15.67,0.0,,,,,,,5.79,102.74,-0.2,-0.2,4.4,16.4,1,4,80.0,83.33,0.0,6.08,2.35,0.85,-10.98,-1.45,-42.89,-23.59,1.0,0.2,21.28,6.0,8.1,3.0,,8,4.4,2.0,12.0,0,9.76,6.48,SEA,False,0,48.2,65.8,25.7,,46.6,Volatile,76.0,14.0,ZONE,58.2,74.5,47.5,2,RB2,-71.2,-66.1,-6.6,18.4,18.5,0,2,2,3,False,0,0,False,False,,,3.0,13.0,False,False,True,False,False,True,False,True,HOLD,25.0,"Hold - consider benching: tough matchup vs SEA, scheme mismatch, unfavorable game script",False,True
Zonovan Knight,ARI,RB,7,31.0,False,False,69.9,61.9,53.9,22.0,16.0,106.0,0.0,63.0,193.0,4.0,85.0,,,,9.0,27.0,36.0,9.99,8.84,7.7,3.14,2.29,9.0,12.14,42.86,20.42,1.29,5.14,10.67,9.17,7.67,9.62,8.22,6.82,4.33,3.8,19.76,8.33,12.67,43.67,2.67,1.17,0.67,0.17,1.67,-7.33,-1.33,3.39,33.93,4.3,4.3,14.5,14.5,0,2,28.57,72.73,0.0,4.82,3.18,0.82,-6.64,-0.71,-22.63,-15.43,4.0,0.57,34.33,,10.9,8.05,10.67,12,13.2,5.0,44.0,0,23.81,9.15,TB,False,0,30.7,72.8,92.0,59.1,63.6,Average,,,,78.7,84.0,68.8,1,RB1,-48.9,-39.9,65.4,11.9,14.3,4,2,3,1,False,2,1,False,False,,,15.0,13.0,False,False,False,False,False,True,,,HOLD,45.0,Hold: unfavorable game script,False,False
