PLAYER,TEAM,POSITION,GAMES_PLAYED,RANK_FPTS_PG,IS_TOP_12,IS_TOP_24,TOTAL_FPTS,TOTAL_FPTS_HALF,TOTAL_FPTS_STD,TOTAL_TGT,TOTAL_REC,TOTAL_REC_YARDS,TOTAL_REC_TD,TOTAL_ATT,TOTAL_RUSH_YARDS,TOTAL_RUSH_TD,TOTAL_OPP,TOTAL_AIR,TOTAL_YAC,TOTAL_CATCHABLE,TOTAL_RZ_TGT,TOTAL_RZ_ATT,TOTAL_RZ_OPP,FPTS_PER_GAME,FPTS_HALF_PER_GAME,FPTS_STD_PER_GAME,TGT_PER_GAME,REC_PER_GAME,ATT_PER_GAME,OPP_PER_GAME,SNAP_PCT_AVG,TGT_SHARE_AVG,RZ_TGT_PER_GAME,RZ_OPP_PER_GAME,FPTS_AVG_L3,FPTS_HALF_AVG_L3,FPTS_STD_AVG_L3,FPTS_AVG_L5,FPTS_HALF_AVG_L5,FPTS_STD_AVG_L5,TGT_AVG_L3,TGT_AVG_L5,TGT_SHARE_L3,ATT_AVG_L3,OPP_AVG_L3,SNAP_PCT_AVG_L3,RZ_TGT_AVG_L3,FPTS_MOMENTUM_3,FPTS_HALF_MOMENTUM_3,FPTS_STD_MOMENTUM_3,TGT_MOMENTUM_3,SNAP_PCT_MOMENTUM_3,OPP_MOMENTUM_3,FPTS_STD_DEV,FPTS_CV,FPTS_FLOOR_L3,FPTS_FLOOR_L5,FPTS_CEILING_L3,FPTS_CEILING_L5,BOOM_GAMES,BUST_GAMES,GHOST_RATE,CATCH_RATE,CATCHABLE_RATE,RACR,YAC_PER_REC,YARDS_PER_TGT,FPTS_PER_TGT,FPTS_PER_OPP,VS_TOP24_FPTS_PG,VS_TOP24_TGT_PG,VS_TOP24_SNAP_PCT,VS_TOP24_TGT_SHARE,TOTAL_TDS,TD_RATE,TD_DEPENDENCY,FPTS_Q1,FPTS_Q2,FPTS_Q3,FPTS_Q4,LATEST_WEEK,LATEST_FPTS,LATEST_TGT,LATEST_SNAP_PCT,LATEST_TGT_SHARE,TGT_SHARE_L5,NEXT_OPPONENT,NEXT_IS_HOME,MISMATCH_COUNT,PRS_SNAP,PRS_VOLUME,PRS_PERF,PRS_TREND,PRS_COMPOSITE,PRS_TIER,TE_ROLE,TE_RZ_DEPENDENT,TE_SLOT_PROXY,PCT_RANK_FPTS,PCT_RANK_TGT,PCT_RANK_SNAP,TIER,TIER_LABEL,VS_TOP12_FPTS,VS_TOP24_FPTS,VS_POS_AVG_FPTS,PAST_SOS,ROS_SOS,HARD_MATCHUPS_PAST,EASY_MATCHUPS_PAST,HARD_MATCHUPS_ROS,EASY_MATCHUPS_ROS,ROS_INCLUDES_BYE,NEXT_OPP_RANK,NEXT_OPP_WEEK,NEXT_OPP_IS_LOOKAHEAD,MATCHUP_BOOST,MATCHUP_CONCERN,MATCHUP_SMASH,FUNNEL_BOOST,FUNNEL_CONCERN,SCHEME_BOOST,SCHEME_CONCERN,SIGNAL,SIGNAL_CONFIDENCE,SIGNAL_CONTEXT,BREAKOUT_CANDIDATE,BUST_RISK
AJ Barner,SEA,TE,9,15.0,False,True,92.4,77.4,62.4,36.0,30.0,280.0,4.0,6.0,8.0,1.0,42.0,176.0,118.0,30.0,13.0,5.0,18.0,10.27,8.6,6.93,4.0,3.33,0.67,4.67,81.0,13.56,1.44,2.0,10.17,7.83,5.5,12.98,10.58,8.18,6.0,5.6,17.73,1.33,7.33,85.67,2.67,-5.37,-5.53,-5.7,1.67,4.33,3.0,7.07,68.87,1.9,1.9,17.1,24.3,2,3,33.33,83.33,100.0,159.09,3.93,7.78,2.57,2.2,-1.09,-1.65,8.06,-4.29,5.0,0.56,32.47,5.1,15.53,6.7,17.1,11,17.1,11.0,87.0,26.2,17.26,TEN,False,0,60.4,51.9,73.1,23.7,52.3,Average,HYBRID,False,65.0,88.5,78.7,92.6,1,TE1,-22.4,-9.8,148.6,19.6,17.4,3,4,2,3,False,23.0,12.0,False,True,False,False,False,False,True,False,SELL,90.0,"Strong sell: good matchup vs TEN, scheme fit",False,False
Adam Trautman,DEN,TE,11,62.0,False,False,26.3,21.8,17.3,10.0,9.0,88.0,1.0,0.0,0.0,0.0,10.0,34.0,58.0,9.0,2.0,0.0,2.0,2.39,1.98,1.57,0.91,0.82,0.0,0.91,53.73,2.52,0.18,0.18,2.5,1.83,1.17,1.5,1.1,0.7,1.33,0.8,4.13,0.0,1.33,69.33,0.33,2.5,1.83,1.17,1.33,25.33,1.33,2.95,123.4,1.2,0.0,4.5,4.5,0,10,90.91,90.0,100.0,258.82,6.44,8.8,2.63,2.63,-8.96,-4.74,-19.21,-15.33,1.0,0.09,22.81,3.83,2.43,1.5,1.5,11,1.8,1.0,66.0,2.8,2.48,WAS,,0,31.5,34.3,35.6,78.4,45.0,Volatile,BLOCKING,False,65.0,48.4,37.7,70.5,3,STREAMER,-81.9,-79.0,-42.1,17.6,16.5,1,3,2,2,True,29.0,13.0,True,True,False,True,False,False,True,False,BUY,85.0,"Strong buy: smash spot vs WAS, scheme fit (Week 13 - after bye)",True,False
Albert Okwuegbunam Jr.,LV,TE,1,,False,False,8.6,6.1,3.6,6.0,5.0,36.0,0.0,0.0,0.0,0.0,6.0,18.0,34.0,5.0,1.0,0.0,1.0,8.6,6.1,3.6,6.0,5.0,0.0,6.0,46.0,16.7,1.0,1.0,,,,,,,,,,,,,,,,,,,,,,,,,,0,0,0.0,83.33,100.0,200.0,6.8,6.0,1.43,1.43,-2.75,0.35,-26.94,-1.14,0.0,0.0,0.0,,8.6,,,5,8.6,6.0,46.0,16.7,16.7,CLE,True,0,,,,,,Insufficient Data,RECEIVING,False,65.0,82.8,91.8,62.7,1,TE1,-35.0,-24.4,108.2,17.0,14.1,0,0,2,1,False,1.0,12.0,False,False,True,False,False,True,False,True,,,,False,False
Andrew Beck,NYJ,TE,10,83.0,False,False,10.6,9.1,7.6,4.0,3.0,16.0,1.0,0.0,0.0,0.0,4.0,8.0,9.0,3.0,1.0,0.0,1.0,1.06,0.91,0.76,0.4,0.3,0.0,0.4,9.0,1.41,0.1,0.1,0.63,0.47,0.3,0.7,0.5,0.3,0.33,0.4,1.1,0.0,0.33,12.0,0.0,-2.27,-2.1,-1.93,-0.67,4.67,-0.67,2.13,200.89,0.0,0.0,1.9,1.9,0,10,100.0,75.0,100.0,200.0,3.0,4.0,2.65,2.65,-10.29,-5.25,-63.94,-16.43,1.0,0.1,56.6,0.0,2.9,0.95,0.0,11,0.0,0.0,7.0,0.0,1.92,BAL,False,0,95.5,16.7,11.5,9.3,33.2,Volatile,BLOCKING,True,65.0,30.3,24.6,7.8,3,STREAMER,-92.0,-90.7,-74.3,14.7,15.6,5,3,3,2,False,20.0,12.0,False,False,False,False,False,False,False,False,SELL,60.0,Consider selling,False,False
Austin Hooper,NE,TE,10,50.0,False,False,36.4,30.9,25.4,13.0,11.0,146.0,1.0,0.0,0.0,0.0,13.0,105.0,73.0,11.0,2.0,0.0,2.0,3.64,3.09,2.54,1.3,1.1,0.0,1.3,56.2,4.68,0.2,0.2,2.93,2.43,1.93,3.88,3.28,2.68,1.33,1.4,5.23,0.0,1.33,55.33,0.0,-0.6,-0.6,-0.6,0.33,-2.0,0.33,2.83,77.73,0.0,0.0,5.8,9.1,0,9,90.0,84.62,100.0,139.05,6.64,11.23,2.8,2.8,-7.71,-4.35,-16.74,-13.16,1.0,0.1,16.48,4.53,1.63,5.97,0.0,10,0.0,1.0,56.0,3.4,5.64,CIN,False,0,64.9,64.8,62.5,35.1,56.8,Average,BLOCKING,False,65.0,58.2,48.4,73.0,2,TE2,-72.5,-68.0,-11.9,17.8,15.0,4,6,2,2,True,4.0,12.0,False,False,True,False,False,False,False,True,HOLD,30.0,"Hold - consider benching: tough matchup vs CIN, scheme mismatch",False,True
Ben Sinnott,WAS,TE,10,78.0,False,False,12.3,11.3,10.3,2.0,2.0,26.0,1.0,0.0,0.0,0.0,2.0,4.0,22.0,2.0,1.0,0.0,1.0,1.23,1.13,1.03,0.2,0.2,0.0,0.2,29.3,0.78,0.1,0.1,3.53,3.2,2.87,2.12,1.92,1.72,0.67,0.4,2.6,0.0,0.67,28.67,0.33,3.53,3.2,2.87,0.67,-0.67,0.67,2.3,186.75,0.0,0.0,7.4,7.4,0,10,100.0,100.0,100.0,650.0,11.0,13.0,6.15,6.15,-10.12,-5.45,-43.64,-17.06,1.0,0.1,48.78,0.57,0.0,1.07,7.4,10,7.4,1.0,39.0,4.5,1.56,DEN,,0,24.3,11.1,13.5,78.4,31.8,Volatile,BLOCKING,True,65.0,34.4,17.2,33.6,3,STREAMER,-90.7,-89.2,-70.2,18.9,15.7,1,4,2,1,True,10.0,13.0,True,False,True,False,False,False,False,True,BUY,50.0,"Speculative buy: tough matchup vs DEN, scheme mismatch (Week 13 - after bye)",False,True
Ben Yurosek,MIN,TE,7,100.0,False,False,1.5,1.0,0.5,2.0,1.0,5.0,0.0,0.0,0.0,0.0,2.0,6.0,5.0,1.0,0.0,0.0,0.0,0.21,0.14,0.07,0.29,0.14,0.0,0.29,16.0,0.96,0.0,0.0,0.5,0.33,0.17,0.3,0.2,0.1,0.67,0.4,2.23,0.0,0.67,20.67,0.0,0.5,0.33,0.17,0.67,10.0,0.67,0.52,244.95,0.0,0.0,1.5,1.5,0,7,100.0,50.0,100.0,83.33,5.0,2.5,0.75,0.75,-11.14,-5.36,-56.94,-16.89,0.0,0.0,0.0,0.0,,0.5,0.0,11,0.0,0.0,4.0,0.0,1.34,GB,False,0,49.5,8.3,4.3,78.4,35.1,Volatile,BLOCKING,False,65.0,16.4,19.3,18.0,4,STREAMER,-98.4,-98.2,-94.9,16.4,18.0,1,2,2,3,False,3.0,12.0,False,False,True,False,False,False,False,True,HOLD,30.0,"Hold - consider benching: tough matchup vs GB, scheme mismatch",False,True
Blake Whiteheart,CLE,TE,8,98.0,False,False,2.4,1.4,0.4,3.0,2.0,4.0,0.0,0.0,0.0,0.0,3.0,29.0,1.0,2.0,0.0,0.0,0.0,0.3,0.18,0.05,0.38,0.25,0.0,0.38,17.88,1.31,0.0,0.0,0.8,0.47,0.13,0.48,0.28,0.08,0.67,0.6,2.53,0.0,0.67,34.33,0.0,0.8,0.47,0.13,0.33,24.0,0.33,0.53,176.38,0.0,0.0,1.4,1.4,0,8,100.0,66.67,100.0,13.79,0.5,1.33,0.8,0.8,-11.05,-5.27,-55.07,-16.53,0.0,0.0,0.0,0.0,0.33,0.7,,8,0.0,0.0,15.0,0.0,2.1,LV,False,0,16.2,25.0,14.4,78.4,33.5,Volatile,BLOCKING,False,65.0,18.0,23.8,20.5,4,STREAMER,-97.7,-97.4,-92.7,14.1,21.4,4,2,1,5,False,32.0,12.0,False,True,False,True,False,False,True,False,HOLD,75.0,"Hold - must start: smash spot vs LV, scheme fit",False,False
Brenden Bates,CLE,TE,4,82.0,False,False,4.3,3.3,2.3,2.0,2.0,23.0,0.0,0.0,0.0,0.0,2.0,23.0,0.0,2.0,0.0,0.0,0.0,1.08,0.82,0.57,0.5,0.5,0.0,0.5,10.25,1.62,0.0,0.0,1.43,1.1,0.77,,,,0.67,,2.17,0.0,0.67,11.0,0.0,,,,,,,1.86,173.21,0.0,,4.3,,0,4,100.0,100.0,100.0,100.0,0.0,11.5,2.15,2.15,-10.28,-5.15,-62.69,-16.22,0.0,0.0,0.0,,2.15,0.0,0.0,11,0.0,0.0,13.0,0.0,1.62,LV,False,0,81.1,12.0,12.5,,35.2,Volatile,BLOCKING,False,65.0,31.1,27.5,12.3,3,STREAMER,-91.8,-90.5,-73.9,14.2,21.4,2,1,1,5,False,32.0,12.0,False,True,False,True,False,False,True,False,HOLD,75.0,"Hold - must start: smash spot vs LV, scheme fit",False,False
Brenton Strange,JAC,TE,5,23.0,False,True,40.4,29.9,19.4,23.0,21.0,246.0,0.0,0.0,0.0,0.0,23.0,138.0,119.0,22.0,0.0,0.0,0.0,8.08,5.98,3.88,4.6,4.2,0.0,4.6,72.8,14.66,0.0,0.0,8.6,6.43,4.27,8.08,5.98,3.88,5.0,4.6,15.23,0.0,5.0,65.0,0.0,,,,,,,3.48,43.07,3.2,3.2,12.1,12.1,0,2,40.0,91.3,95.45,178.26,5.67,10.7,1.76,1.76,-3.27,-1.05,-0.14,-3.18,0.0,0.0,0.0,8.9,6.85,,,5,3.2,1.0,38.0,4.0,14.66,ARI,False,0,12.6,73.1,95.2,,60.3,Average,HYBRID,False,65.0,81.1,81.1,85.2,1,TE1,-38.9,-29.0,95.6,13.0,15.6,2,1,2,2,False,8.0,12.0,False,False,True,False,False,False,False,True,HOLD,30.0,"Hold - consider benching: tough matchup vs ARI, scheme mismatch",False,False
Brevyn Spann-Ford,DAL,TE,9,88.0,False,False,5.8,4.3,2.8,5.0,3.0,15.0,0.0,0.0,0.0,0.0,5.0,55.0,12.0,3.0,1.0,0.0,1.0,0.64,0.48,0.31,0.56,0.33,0.0,0.56,22.33,1.66,0.11,0.11,1.1,0.77,0.43,0.9,0.6,0.3,0.67,0.6,2.0,0.0,0.67,26.67,0.33,0.7,0.53,0.37,0.33,2.33,0.33,0.74,115.22,0.0,0.0,1.9,1.9,0,9,100.0,60.0,100.0,27.27,4.0,3.0,1.16,1.16,-10.71,-5.09,-50.61,-16.19,0.0,0.0,0.0,0.43,0.4,0.95,1.4,11,1.4,1.0,36.0,3.1,1.78,PHI,True,0,72.1,40.3,38.5,94.8,61.4,Average,BLOCKING,False,65.0,26.2,29.1,23.8,3,STREAMER,-95.2,-94.4,-84.5,14.1,19.1,4,2,1,3,False,16.0,12.0,False,False,False,False,False,False,False,False,HOLD,50.0,Hold,False,False
Brock Bowers,LV,TE,7,2.0,True,True,104.7,85.2,65.7,55.0,39.0,520.0,3.0,2.0,2.0,0.0,57.0,409.0,258.0,42.0,18.0,0.0,18.0,14.96,12.17,9.39,7.86,5.57,0.29,8.14,78.43,24.84,2.57,2.57,20.4,17.07,13.73,16.12,13.22,10.32,9.33,7.8,25.67,0.67,10.0,87.0,5.0,11.0,10.0,9.0,3.0,8.0,3.67,12.09,80.86,3.7,3.7,43.3,43.3,2,1,14.29,70.91,92.86,127.14,6.62,9.45,1.9,1.84,3.6,2.21,5.49,7.0,3.0,0.43,17.19,11.3,9.6,43.3,8.95,11,14.2,12.0,97.0,30.8,25.1,CLE,True,0,37.8,79.6,55.8,86.6,64.9,Average,RECEIVING,False,65.0,99.2,99.2,90.2,1,TE1,13.0,31.4,262.2,16.7,14.1,2,1,2,1,False,1.0,12.0,False,False,True,False,False,True,False,True,BUY,45.0,"Speculative buy: tough matchup vs CLE, scheme mismatch, unfavorable game script",False,True
Brock Wright,DET,TE,9,61.0,False,False,22.0,19.0,16.0,12.0,6.0,42.0,1.0,0.0,0.0,0.0,12.0,10.0,31.0,6.0,2.0,0.0,2.0,2.44,2.11,1.78,1.33,0.67,0.0,1.33,52.56,4.0,0.22,0.22,1.63,1.13,0.63,2.04,1.44,0.84,3.0,2.4,8.43,0.0,3.0,59.0,0.67,-0.13,-0.13,-0.13,2.0,8.67,2.0,3.74,152.95,0.0,0.0,2.8,5.3,0,8,88.89,50.0,100.0,420.0,5.17,3.5,1.83,1.83,-8.91,-4.31,-20.39,-13.84,1.0,0.11,27.27,3.93,0.0,3.7,1.4,11,2.8,7.0,83.0,19.4,7.2,NYG,True,0,35.1,15.7,26.0,38.1,28.7,Risky,BLOCKING,False,65.0,49.2,49.2,68.0,3,STREAMER,-81.6,-78.6,-40.9,14.3,16.6,3,2,2,2,False,28.0,12.0,False,True,False,True,False,False,True,False,HOLD,75.0,"Hold - must start: smash spot vs NYG, scheme fit",False,False
Cade Otton,TB,TE,9,26.0,False,False,70.3,54.3,38.3,47.0,32.0,328.0,0.0,0.0,0.0,0.0,47.0,263.0,191.0,33.0,1.0,0.0,1.0,7.81,6.03,4.26,5.22,3.56,0.0,5.22,94.22,15.41,0.11,0.11,12.9,9.57,6.23,12.18,9.28,6.38,8.67,7.4,22.23,0.0,8.67,97.0,0.0,4.2,2.87,1.53,3.67,1.0,3.67,5.65,72.28,8.0,8.0,17.2,17.2,1,4,44.44,68.09,96.97,124.71,5.97,6.98,1.5,1.5,-3.54,-0.43,21.28,-2.43,0.0,0.0,0.0,1.83,8.7,10.75,17.2,10,17.2,12.0,97.0,27.9,21.68,LAR,False,0,96.4,61.1,70.2,61.9,72.4,Reliable,RECEIVING,False,65.0,78.7,87.7,100.0,1,TE1,-41.0,-31.4,89.1,18.7,10.6,1,3,5,1,False,21.0,12.0,False,False,False,False,False,False,False,False,BUY,70.0,Buy,False,False
Cade Stover,HOU,TE,3,68.0,False,False,6.2,2.2,-1.8,8.0,8.0,44.0,0.0,0.0,0.0,0.0,8.0,18.0,26.0,8.0,0.0,0.0,0.0,2.07,0.73,-0.6,2.67,2.67,0.0,2.67,25.67,9.87,0.0,0.0,2.07,0.73,-0.6,,,,2.67,,9.87,0.0,2.67,25.67,0.0,,,,,,,2.92,141.42,0.0,,6.2,,0,3,100.0,100.0,100.0,244.44,3.25,5.5,0.78,0.78,-9.29,-2.98,-47.28,-7.98,0.0,0.0,0.0,3.1,,,0.0,11,0.0,0.0,20.0,0.0,9.87,BUF,True,0,5.4,46.3,22.1,,24.6,Risky,HYBRID,False,65.0,43.4,67.6,28.3,3,STREAMER,-84.4,-81.8,-49.9,25.0,17.9,0,2,1,2,False,25.0,12.0,False,True,False,False,False,True,True,False,HOLD,65.0,"Hold: good matchup vs BUF, scheme fit, unfavorable game script",False,False
Cam Grandy,CIN,TE,3,90.0,False,False,1.6,1.1,0.6,1.0,1.0,6.0,0.0,0.0,0.0,0.0,1.0,-2.0,8.0,1.0,0.0,0.0,0.0,0.53,0.37,0.2,0.33,0.33,0.0,0.33,12.33,1.27,0.0,0.0,0.53,0.37,0.2,,,,0.33,,1.27,0.0,0.33,12.33,0.0,,,,,,,0.75,141.42,0.0,,1.6,,0,3,100.0,100.0,100.0,,8.0,6.0,1.6,1.6,-10.82,-5.31,-60.61,-16.58,0.0,0.0,0.0,1.6,0.0,0.0,,7,0.0,0.0,8.0,0.0,1.27,NE,True,0,82.9,18.1,20.2,,40.4,Volatile,BLOCKING,False,65.0,24.2,22.1,15.6,4,STREAMER,-96.0,-95.3,-87.2,14.0,14.0,2,1,3,1,False,22.0,12.0,False,False,False,False,True,False,False,False,HOLD,55.0,Hold: favorable game script,False,False
Cameron Latu,PHI,TE,8,105.0,False,False,0.0,0.0,0.0,0.0,0.0,0.0,0.0,0.0,0.0,0.0,0.0,0.0,0.0,0.0,0.0,0.0,0.0,0.0,0.0,0.0,0.0,0.0,0.0,0.0,9.12,0.0,0.0,0.0,0.0,0.0,0.0,0.0,0.0,0.0,0.0,0.0,0.0,0.0,0.0,8.0,0.0,0.0,0.0,0.0,0.0,-2.67,0.0,0.0,0.0,0.0,0.0,0.0,0.0,0,8,100.0,0.0,,,,,,,-11.35,-5.65,-63.82,-17.84,0.0,0.0,0.0,0.0,0.0,0.0,0.0,11,0.0,0.0,1.0,0.0,0.0,DAL,False,0,94.6,,,45.9,70.2,Reliable,BLOCKING,False,65.0,6.6,4.9,9.0,5,BENCH,-100.0,-100.0,-100.0,19.6,23.1,2,4,0,4,False,19.0,12.0,False,False,False,False,False,False,False,False,HOLD,50.0,Hold,False,False
Carter Runyon,LV,TE,3,94.0,False,False,1.3,0.8,0.3,1.0,1.0,3.0,0.0,0.0,0.0,0.0,1.0,-3.0,6.0,1.0,0.0,0.0,0.0,0.43,0.27,0.1,0.33,0.33,0.0,0.33,8.33,1.97,0.0,0.0,0.43,0.27,0.1,,,,0.33,,1.97,0.0,0.33,8.33,0.0,,,,,,,0.61,141.42,0.0,,1.3,,0,3,100.0,100.0,100.0,,6.0,3.0,1.3,1.3,-10.92,-5.31,-64.61,-15.88,0.0,0.0,0.0,,0.0,1.3,0.0,11,0.0,0.0,2.0,0.0,1.97,CLE,True,0,90.1,18.1,21.2,,43.1,Volatile,BLOCKING,False,65.0,21.3,22.1,6.6,4,STREAMER,-96.8,-96.2,-89.6,15.7,14.1,0,0,2,1,False,1.0,12.0,False,False,True,False,False,True,False,True,HOLD,25.0,"Hold - consider benching: tough matchup vs CLE, scheme mismatch, unfavorable game script",False,True
Charlie Kolar,BAL,TE,10,59.0,False,False,27.8,24.3,20.8,11.0,7.0,88.0,2.0,0.0,0.0,0.0,11.0,64.0,35.0,7.0,5.0,0.0,5.0,2.78,2.43,2.08,1.1,0.7,0.0,1.1,43.9,4.31,0.5,0.5,4.53,4.03,3.53,4.32,3.92,3.52,1.67,1.4,6.6,0.0,1.67,40.0,1.33,1.2,1.03,0.87,0.67,-1.0,0.67,3.54,127.35,0.0,0.0,10.3,10.3,0,8,80.0,63.64,100.0,137.5,5.0,8.0,2.53,2.53,-8.57,-4.55,-29.04,-13.53,2.0,0.2,43.17,1.4,0.67,9.15,1.65,11,0.0,1.0,31.0,4.0,5.48,NYJ,True,0,52.3,44.0,33.7,58.8,47.2,Volatile,BLOCKING,True,65.0,50.8,42.2,57.4,2,TE2,-79.0,-75.6,-32.7,12.7,14.0,4,2,3,2,False,11.0,12.0,False,False,False,False,False,True,False,False,HOLD,45.0,Hold: unfavorable game script,False,False
Charlie Woerner,ATL,TE,10,99.0,False,False,2.9,1.9,0.9,3.0,2.0,9.0,0.0,0.0,0.0,0.0,3.0,-1.0,9.0,2.0,0.0,0.0,0.0,0.29,0.19,0.09,0.3,0.2,0.0,0.3,47.3,0.92,0.0,0.0,0.8,0.63,0.47,0.48,0.38,0.28,0.33,0.4,1.33,0.0,0.33,34.0,0.0,0.8,0.63,0.47,0.0,-17.67,0.0,0.72,247.92,0.0,0.0,2.4,2.4,0,10,100.0,66.67,100.0,,4.5,3.0,0.97,0.97,-11.06,-5.35,-25.64,-16.92,0.0,0.0,0.0,0.17,0.0,0.0,1.2,11,0.0,0.0,53.0,0.0,1.36,NO,False,0,9.0,21.3,6.7,78.4,28.8,Risky,BLOCKING,False,65.0,17.2,20.5,63.9,4,STREAMER,-97.8,-97.5,-93.0,16.9,14.1,4,4,3,1,False,7.0,12.0,False,False,True,False,False,True,False,True,HOLD,25.0,"Hold - consider benching: tough matchup vs NO, scheme mismatch, unfavorable game script",False,True
Chig Okonkwo,TEN,TE,9,32.0,False,False,56.9,43.4,29.9,35.0,27.0,273.0,0.0,0.0,0.0,0.0,35.0,204.0,147.0,29.0,2.0,0.0,2.0,6.32,4.82,3.32,3.89,3.0,0.0,3.89,68.33,13.09,0.22,0.22,6.97,5.47,3.97,6.3,4.8,3.3,3.33,3.6,10.43,0.0,3.33,66.0,0.33,2.97,2.63,2.3,-0.33,3.67,-0.33,3.93,62.13,3.0,0.0,9.3,10.6,0,5,55.56,77.14,93.1,133.82,5.44,7.8,1.63,1.63,-5.03,-1.76,-4.61,-4.76,0.0,0.0,0.0,8.0,6.0,4.1,8.6,11,8.6,3.0,68.0,8.3,11.04,SEA,True,0,69.4,88.9,80.8,68.0,76.8,Reliable,HYBRID,False,65.0,73.0,77.0,82.8,2,TE2,-52.2,-44.5,53.0,18.9,11.0,1,1,4,1,False,14.0,12.0,False,False,False,False,True,False,False,False,BUY,65.0,Buy: favorable game script,False,False
Chris Manhertz,NYG,TE,10,102.0,False,False,1.7,1.2,0.7,1.0,1.0,7.0,0.0,0.0,0.0,0.0,1.0,1.0,6.0,1.0,0.0,0.0,0.0,0.17,0.12,0.07,0.1,0.1,0.0,0.1,13.8,0.33,0.0,0.0,0.0,0.0,0.0,0.0,0.0,0.0,0.0,0.0,0.0,0.0,0.0,4.0,0.0,0.0,0.0,0.0,0.0,-10.33,0.0,0.51,300.0,0.0,0.0,0.0,0.0,0,10,100.0,100.0,100.0,700.0,6.0,7.0,1.7,1.7,-11.18,-5.55,-59.14,-17.51,0.0,0.0,0.0,0.57,0.0,0.0,0.0,10,0.0,0.0,4.0,0.0,0.0,DET,False,0,76.6,1.4,0.0,45.9,31.0,Volatile,BLOCKING,False,65.0,14.8,11.1,17.2,4,STREAMER,-98.7,-98.5,-95.9,16.2,22.8,2,2,1,3,True,30.0,12.0,False,True,False,True,False,False,True,False,HOLD,75.0,"Hold - must start: smash spot vs DET, scheme fit",False,False
Colby Parkinson,LAR,TE,9,43.0,False,False,37.3,28.8,20.3,19.0,17.0,117.0,2.0,0.0,0.0,0.0,19.0,48.0,76.0,17.0,15.0,0.0,15.0,4.14,3.2,2.26,2.11,1.89,0.0,2.11,41.56,6.57,1.67,1.67,8.83,7.5,6.17,6.84,5.74,4.64,3.0,2.6,9.53,0.0,3.0,60.67,4.0,5.03,4.53,4.03,1.0,23.33,1.0,4.89,117.91,3.0,0.0,14.1,14.1,0,7,77.78,89.47,100.0,243.75,4.47,6.16,1.96,1.96,-7.21,-3.54,-31.39,-11.28,2.0,0.22,32.17,-0.2,1.85,5.35,11.75,11,9.4,2.0,69.0,7.4,7.98,TB,True,0,13.5,63.9,36.5,90.7,51.2,Average,BLOCKING,False,65.0,63.9,61.5,53.3,2,TE2,-68.7,-63.6,0.2,17.3,17.3,2,3,3,3,False,31.0,12.0,False,True,False,True,True,False,True,False,BUY,100.0,"Strong buy: smash spot vs TB, scheme fit, favorable game script",False,False
Cole Kmet,CHI,TE,8,36.0,False,False,38.6,31.6,24.6,29.0,14.0,178.0,1.0,0.0,0.0,0.0,29.0,287.0,59.0,15.0,8.0,0.0,8.0,4.82,3.95,3.08,3.62,1.75,0.0,3.62,74.5,11.06,1.0,1.0,4.33,3.17,2.0,4.32,3.22,2.12,3.0,4.0,9.8,0.0,3.0,57.0,1.67,-1.2,-1.53,-1.87,-1.0,-24.67,-1.0,3.04,62.96,1.5,1.0,9.5,9.5,0,6,75.0,48.28,93.33,62.02,4.21,6.14,1.33,1.33,-6.53,-2.02,1.56,-6.78,1.0,0.12,15.54,5.67,4.3,2.0,5.5,11,9.5,5.0,79.0,17.9,12.26,PIT,True,0,6.3,56.5,78.8,33.0,43.6,Volatile,HYBRID,False,65.0,69.7,73.8,86.9,2,TE2,-63.6,-57.6,16.7,19.0,15.1,3,4,3,3,False,27.0,12.0,False,True,False,False,True,False,True,False,HOLD,75.0,"Hold: good matchup vs PIT, scheme fit, favorable game script",False,False
Colson Yankoff,WAS,TE,9,103.0,False,False,1.4,0.9,0.4,1.0,1.0,4.0,0.0,0.0,0.0,0.0,1.0,1.0,3.0,1.0,0.0,0.0,0.0,0.16,0.1,0.04,0.11,0.11,0.0,0.11,12.11,0.38,0.0,0.0,0.47,0.3,0.13,0.28,0.18,0.08,0.33,0.2,1.13,0.0,0.33,13.33,0.0,0.47,0.3,0.13,0.33,4.0,0.33,0.44,282.84,0.0,0.0,1.4,1.4,0,9,100.0,100.0,100.0,400.0,3.0,4.0,1.4,1.4,-11.2,-5.54,-60.83,-17.47,0.0,0.0,0.0,0.0,0.0,0.0,0.7,11,1.4,1.0,27.0,3.4,0.68,DEN,,0,51.4,4.2,2.4,78.4,34.1,Volatile,BLOCKING,False,65.0,13.9,13.1,14.8,4,STREAMER,-98.8,-98.6,-96.1,18.4,15.7,2,4,2,1,True,10.0,13.0,True,False,True,False,False,False,False,True,HOLD,30.0,"Hold - consider benching: tough matchup vs DEN, scheme mismatch (Week 13 - after bye)",False,True
Colston Loveland,CHI,TE,8,24.0,False,True,63.5,52.0,40.5,30.0,23.0,317.0,2.0,0.0,0.0,0.0,30.0,261.0,141.0,24.0,8.0,0.0,8.0,7.94,6.5,5.06,3.75,2.88,0.0,3.75,57.62,11.64,1.0,1.0,15.43,13.27,11.1,11.24,9.44,7.64,5.0,4.6,15.33,0.0,5.0,72.67,2.0,10.77,9.6,8.43,1.33,28.33,1.33,8.7,109.66,7.0,3.1,29.8,29.8,1,6,75.0,76.67,95.83,121.46,6.13,10.57,2.12,2.12,-3.42,-1.9,-15.32,-6.21,2.0,0.25,18.9,2.43,3.1,18.3,8.25,11,7.0,4.0,75.0,14.3,14.12,PIT,True,0,8.1,82.4,39.4,96.9,56.7,Average,HYBRID,False,65.0,80.3,75.4,73.8,1,TE1,-40.0,-30.2,92.2,17.5,15.1,3,3,3,3,False,27.0,12.0,False,True,False,False,True,False,True,False,BUY,95.0,"Strong buy: good matchup vs PIT, scheme fit, favorable game script",False,False
Connor Heyward,PIT,TE,9,80.0,False,False,10.3,9.8,9.3,2.0,1.0,12.0,1.0,3.0,5.0,0.0,5.0,22.0,0.0,1.0,4.0,1.0,5.0,1.14,1.09,1.03,0.22,0.11,0.33,0.56,9.22,0.71,0.44,0.56,0.1,0.1,0.1,1.7,1.6,1.5,0.0,0.4,0.0,0.67,0.67,4.67,0.67,-2.7,-2.53,-2.37,-0.67,-10.33,-0.33,2.54,222.09,0.0,0.0,0.3,8.2,0,8,88.89,50.0,100.0,54.55,0.0,6.0,5.15,2.06,-10.21,-5.43,-63.72,-17.13,1.0,0.11,58.25,0.53,4.2,0.0,0.15,11,0.3,0.0,8.0,0.0,1.28,CHI,False,0,73.0,13.0,8.7,7.2,25.5,Risky,BLOCKING,True,65.0,32.8,18.0,9.8,3,STREAMER,-91.4,-90.0,-72.4,8.8,15.9,5,0,2,2,False,13.0,12.0,False,False,False,False,False,False,False,False,SELL,60.0,Consider selling,False,False
Dallas Goedert,PHI,TE,9,11.0,True,True,102.7,82.7,62.7,48.0,40.0,381.0,6.0,0.0,0.0,0.0,48.0,344.0,114.0,42.0,13.0,0.0,13.0,11.41,9.19,6.97,5.33,4.44,0.0,5.33,75.0,22.27,1.44,1.44,10.17,8.67,7.17,12.26,10.16,8.06,4.67,5.6,19.87,0.0,4.67,79.67,3.0,-6.67,-5.5,-4.33,-1.33,-7.67,-1.33,7.86,68.9,4.4,4.4,17.8,26.0,3,3,33.33,83.33,95.24,110.76,2.85,7.94,2.14,2.14,0.06,-0.31,2.06,4.42,6.0,0.67,35.05,7.23,22.85,11.3,6.35,11,4.4,5.0,90.0,18.5,21.4,DAL,False,0,2.7,75.9,72.1,22.7,43.3,Volatile,RECEIVING,False,65.0,91.8,89.3,88.5,1,TE1,-13.8,0.3,176.2,19.6,23.1,2,4,0,4,False,19.0,12.0,False,False,False,False,False,False,False,False,SELL,70.0,Sell,False,False
Dalton Kincaid,BUF,TE,8,8.0,True,True,97.8,83.3,68.8,34.0,29.0,459.0,4.0,0.0,0.0,0.0,34.0,355.0,173.0,30.0,5.0,0.0,5.0,12.23,10.41,8.6,4.25,3.62,0.0,4.25,41.0,14.22,0.62,0.62,10.37,8.87,7.37,11.54,9.94,8.34,4.0,4.0,14.9,0.0,4.0,27.67,0.0,-4.37,-3.87,-3.37,-0.67,-21.0,-0.67,6.15,50.3,3.3,3.3,22.1,22.1,3,3,37.5,85.29,96.67,129.3,5.97,13.5,2.88,2.88,0.87,-1.4,-31.94,-3.62,4.0,0.5,24.54,13.37,13.3,12.7,5.7,10,5.7,3.0,26.0,7.7,14.76,HOU,False,0,43.2,90.7,90.4,26.8,62.8,Average,HYBRID,False,65.0,94.3,80.3,51.2,1,TE1,-7.6,7.5,196.1,10.1,14.1,4,0,2,1,False,18.0,12.0,False,False,False,False,False,False,False,False,SELL,70.0,Sell,False,False
Dalton Schultz,HOU,TE,10,14.0,False,True,105.9,80.4,54.9,69.0,51.0,488.0,1.0,0.0,0.0,0.0,69.0,446.0,223.0,54.0,9.0,0.0,9.0,10.59,8.04,5.49,6.9,5.1,0.0,6.9,69.7,19.21,0.9,0.9,14.37,11.2,8.03,13.26,10.26,7.26,9.33,8.2,22.67,0.0,9.33,75.0,2.0,2.97,2.47,1.97,3.0,10.0,3.0,4.79,45.26,11.1,4.4,18.3,18.8,2,3,30.0,73.91,94.44,109.42,4.37,7.07,1.53,1.53,-0.76,1.25,-3.24,1.37,1.0,0.1,5.67,6.87,9.5,12.3,14.7,11,11.1,9.0,69.0,22.5,19.52,BUF,True,0,59.5,92.6,96.2,55.7,76.0,Reliable,RECEIVING,False,65.0,89.3,98.0,84.4,1,TE1,-20.0,-6.9,156.4,18.6,17.9,3,4,1,2,False,25.0,12.0,False,True,False,False,False,True,True,False,BUY,75.0,"Buy: good matchup vs BUF, scheme fit, unfavorable game script",False,False
Daniel Bellinger,NYG,TE,9,40.0,False,False,38.2,31.7,25.2,15.0,13.0,216.0,1.0,0.0,0.0,0.0,15.0,193.0,60.0,14.0,5.0,0.0,5.0,4.24,3.52,2.8,1.67,1.44,0.0,1.67,44.0,5.3,0.56,0.56,7.57,6.73,5.9,6.38,5.48,4.58,2.33,2.2,7.63,0.0,2.33,60.33,1.0,3.73,3.73,3.73,0.67,13.33,0.67,5.43,128.04,1.8,0.0,17.8,17.8,1,7,77.78,86.67,92.86,111.92,4.62,14.4,2.55,2.55,-7.11,-3.98,-28.94,-12.54,1.0,0.11,15.71,1.33,3.83,10.45,1.8,10,1.8,2.0,73.0,6.3,6.64,DET,False,0,17.1,48.1,32.7,72.2,42.5,Volatile,BLOCKING,False,65.0,66.0,53.3,58.6,2,TE2,-68.0,-62.7,2.7,15.1,22.8,2,1,1,3,True,30.0,12.0,False,True,False,True,False,False,True,False,BUY,95.0,"Strong buy: smash spot vs DET, scheme fit",False,False
Darnell Washington,PIT,TE,9,39.0,False,False,38.6,31.6,24.6,19.0,14.0,166.0,1.0,0.0,0.0,0.0,19.0,105.0,113.0,15.0,11.0,0.0,11.0,4.29,3.51,2.73,2.11,1.56,0.0,2.11,57.67,7.42,1.22,1.22,4.4,3.57,2.73,6.32,5.22,4.12,2.0,3.2,6.93,0.0,2.0,55.0,2.33,-3.4,-2.73,-2.07,-2.33,-23.0,-2.33,4.13,96.28,0.0,0.0,10.7,10.7,0,6,66.67,73.68,93.33,158.1,8.07,8.74,2.03,2.03,-7.06,-3.54,-15.28,-10.42,1.0,0.11,15.54,0.67,7.1,4.6,6.6,11,10.7,5.0,71.0,17.2,10.64,CHI,False,0,15.3,29.6,45.2,18.6,27.2,Risky,BLOCKING,False,65.0,67.2,61.5,74.6,2,TE2,-67.6,-62.3,3.9,8.8,15.9,5,0,2,2,False,13.0,12.0,False,False,False,False,False,False,False,False,SELL,70.0,Sell,False,False
Darren Waller,MIA,TE,3,9.0,True,True,36.5,32.5,28.5,9.0,8.0,105.0,3.0,0.0,0.0,0.0,9.0,103.0,26.0,8.0,3.0,0.0,3.0,12.17,10.83,9.5,3.0,2.67,0.0,3.0,38.0,10.23,1.0,1.0,12.17,10.83,9.5,,,,3.0,,10.23,0.0,3.0,38.0,1.0,,,,,,,8.61,70.81,0.0,,18.8,,2,1,33.33,88.89,100.0,101.94,3.25,11.67,4.06,4.06,0.81,-2.65,-34.94,-7.61,3.0,1.0,49.32,,18.25,0.0,,7,0.0,0.0,28.0,0.0,10.23,NO,,0,18.0,45.4,56.7,,40.0,Volatile,HYBRID,True,65.0,93.4,70.9,48.0,1,TE1,-8.0,6.9,194.6,6.0,17.0,2,0,2,2,True,7.0,13.0,True,False,True,False,False,True,False,True,HOLD,25.0,"Hold - consider benching: tough matchup vs NO, scheme mismatch, unfavorable game script (Week 13 - after bye)",False,True
David Martin-Robinson,TEN,TE,7,84.0,False,False,7.1,6.6,6.1,1.0,1.0,1.0,1.0,0.0,0.0,0.0,1.0,1.0,0.0,1.0,1.0,0.0,1.0,1.01,0.94,0.87,0.14,0.14,0.0,0.14,6.14,0.41,0.14,0.14,0.0,0.0,0.0,1.42,1.32,1.22,0.0,0.2,0.0,0.0,0.0,4.67,0.0,-2.37,-2.2,-2.03,-0.33,-4.33,-0.33,2.48,244.95,0.0,0.0,0.0,7.1,0,7,100.0,100.0,100.0,100.0,0.0,1.0,7.1,7.1,-10.34,-5.5,-66.8,-17.43,1.0,0.14,84.51,0.0,7.1,0.0,0.0,11,0.0,0.0,2.0,0.0,0.58,SEA,True,0,92.8,6.9,4.3,3.6,26.9,Risky,BLOCKING,True,65.0,29.5,15.2,4.9,3,STREAMER,-92.4,-91.1,-75.5,18.7,11.0,1,1,4,1,False,14.0,12.0,False,False,False,False,True,False,False,False,SELL,65.0,Sell: favorable game script,False,False
David Njoku,CLE,TE,8,22.0,False,True,66.7,53.2,39.7,44.0,27.0,264.0,2.0,0.0,0.0,0.0,44.0,250.0,143.0,28.0,15.0,0.0,15.0,8.34,6.65,4.96,5.5,3.38,0.0,5.5,73.75,15.21,1.88,1.88,7.07,5.73,4.4,8.6,7.0,5.4,4.33,5.0,11.67,0.0,4.33,56.0,3.67,-3.2,-2.37,-1.53,-2.0,-29.33,-2.0,5.21,62.51,1.7,1.7,13.7,18.7,1,4,50.0,61.36,96.43,105.6,5.3,6.0,1.52,1.52,-3.02,-0.15,0.81,-2.63,2.0,0.25,17.99,7.9,9.2,13.7,1.7,11,1.7,2.0,65.0,8.0,14.38,LV,False,0,19.8,86.1,79.8,24.7,52.6,Average,RECEIVING,False,65.0,82.0,90.2,86.1,1,TE1,-37.0,-26.7,101.9,16.4,21.4,3,2,1,5,False,32.0,12.0,False,True,False,True,False,False,True,False,SELL,95.0,"Strong sell: smash spot vs LV, scheme fit",False,False
Davis Allen,LAR,TE,9,38.0,False,False,39.7,33.7,27.7,15.0,12.0,102.0,3.0,0.0,0.0,0.0,15.0,99.0,48.0,14.0,5.0,0.0,5.0,4.41,3.74,3.08,1.67,1.33,0.0,1.67,44.78,5.09,0.56,0.56,5.17,4.33,3.5,4.26,3.46,2.66,2.0,1.8,6.27,0.0,2.0,49.0,1.0,2.9,2.73,2.57,0.67,2.33,0.67,3.35,75.92,0.0,0.0,8.8,8.8,0,7,77.78,80.0,85.71,103.03,4.0,6.8,2.65,2.65,-6.94,-3.98,-28.16,-12.76,3.0,0.33,45.34,5.8,2.7,4.05,4.4,11,0.0,0.0,37.0,0.0,5.22,TB,True,0,58.6,62.0,64.4,88.7,68.4,Average,BLOCKING,True,65.0,68.0,53.3,61.5,2,TE2,-66.7,-61.3,6.8,17.3,17.3,2,3,3,3,False,31.0,12.0,False,True,False,True,True,False,True,False,BUY,90.0,"Strong buy: smash spot vs TB, scheme fit, favorable game script",False,False
Dawson Knox,BUF,TE,10,49.0,False,False,36.8,30.3,23.8,18.0,13.0,179.0,1.0,0.0,0.0,0.0,18.0,174.0,65.0,13.0,6.0,0.0,6.0,3.68,3.03,2.38,1.8,1.3,0.0,1.8,57.8,5.63,0.6,0.6,4.67,3.83,3.0,5.08,4.38,3.68,2.67,2.2,8.1,0.0,2.67,64.33,1.33,-0.3,-0.47,-0.63,1.0,4.33,1.0,2.55,69.43,3.3,2.5,6.7,8.9,0,9,90.0,72.22,100.0,102.87,5.0,9.94,2.04,2.04,-7.67,-3.85,-15.14,-12.21,1.0,0.1,16.3,2.63,4.13,3.25,5.0,11,3.3,3.0,77.0,10.0,7.26,HOU,False,0,38.7,65.7,71.2,39.2,53.7,Average,BLOCKING,False,65.0,59.0,56.6,75.4,2,TE2,-72.2,-67.7,-10.9,13.6,14.1,4,2,2,1,False,18.0,12.0,False,False,False,False,False,False,False,False,HOLD,50.0,Hold,False,False
Devin Culp,TB,TE,5,105.0,False,False,0.0,0.0,0.0,0.0,0.0,0.0,0.0,0.0,0.0,0.0,0.0,0.0,0.0,0.0,0.0,0.0,0.0,0.0,0.0,0.0,0.0,0.0,0.0,0.0,5.6,0.0,0.0,0.0,0.0,0.0,0.0,0.0,0.0,0.0,0.0,0.0,0.0,0.0,0.0,4.67,0.0,,,,,,,0.0,0.0,0.0,0.0,0.0,0.0,0,5,100.0,0.0,,,,,,,-11.35,-5.65,-67.34,-17.84,0.0,0.0,0.0,,0.0,0.0,0.0,10,0.0,0.0,7.0,0.0,0.0,LAR,False,0,99.1,,,,,Insufficient Data,BLOCKING,False,65.0,6.6,4.9,4.1,5,BENCH,-100.0,-100.0,-100.0,19.8,10.6,1,2,5,1,False,21.0,12.0,False,False,False,False,False,False,False,False,HOLD,50.0,Hold,False,False
Drew Ogletree,IND,TE,10,105.0,False,False,0.0,0.0,0.0,1.0,0.0,0.0,0.0,0.0,0.0,0.0,1.0,5.0,0.0,0.0,0.0,0.0,0.0,0.0,0.0,0.0,0.1,0.0,0.0,0.1,26.9,0.36,0.0,0.0,0.0,0.0,0.0,0.0,0.0,0.0,0.33,0.2,1.2,0.0,0.33,21.33,0.0,0.0,0.0,0.0,0.33,-12.67,0.33,0.0,0.0,0.0,0.0,0.0,0.0,0,10,100.0,0.0,,0.0,,0.0,0.0,0.0,-11.35,-5.55,-46.04,-17.48,0.0,0.0,0.0,0.0,0.0,0.0,0.0,10,0.0,0.0,25.0,0.0,0.72,KC,False,0,67.6,1.4,,45.9,38.3,Volatile,BLOCKING,False,65.0,6.6,11.1,32.0,5,BENCH,-100.0,-100.0,-100.0,18.5,15.0,3,5,2,1,False,11.0,12.0,False,False,False,False,False,False,False,False,HOLD,50.0,Hold,False,False
Drew Sample,CIN,TE,10,76.0,False,False,13.4,11.4,9.4,8.0,4.0,17.0,1.0,0.0,0.0,0.0,8.0,7.0,19.0,4.0,1.0,0.0,1.0,1.34,1.14,0.94,0.8,0.4,0.0,0.8,49.8,2.76,0.1,0.1,0.0,0.0,0.0,0.16,0.06,-0.04,0.0,0.4,0.0,0.0,0.0,48.33,0.0,-0.57,-0.23,0.1,-1.0,5.33,-1.0,2.94,219.34,0.0,0.0,0.0,0.8,0,9,90.0,50.0,100.0,242.86,4.75,2.12,1.67,1.67,-10.01,-4.85,-23.14,-15.08,1.0,0.1,44.78,3.9,0.57,0.0,0.0,11,0.0,0.0,45.0,0.0,1.0,NE,True,0,54.1,25.9,9.6,3.6,23.3,Risky,BLOCKING,True,65.0,36.1,34.8,66.4,3,STREAMER,-89.9,-88.2,-67.6,13.6,14.0,5,3,3,1,False,22.0,12.0,False,False,False,False,True,False,False,False,HOLD,55.0,Hold: favorable game script,False,False
Durham Smythe,CHI,TE,9,101.0,False,False,1.8,1.3,0.8,3.0,1.0,8.0,0.0,0.0,0.0,0.0,3.0,18.0,4.0,2.0,0.0,0.0,0.0,0.2,0.14,0.09,0.33,0.11,0.0,0.33,24.11,1.19,0.0,0.0,0.6,0.43,0.27,0.36,0.26,0.16,1.0,0.6,3.57,0.0,1.0,22.0,0.0,0.6,0.43,0.27,1.0,-9.0,1.0,0.57,282.84,0.0,0.0,1.8,1.8,0,9,100.0,33.33,50.0,44.44,4.0,2.67,0.6,0.6,-11.15,-5.31,-48.83,-16.66,0.0,0.0,0.0,0.0,0.0,0.0,0.9,11,1.8,3.0,21.0,10.7,2.14,PIT,True,0,36.0,4.2,1.0,78.4,29.9,Risky,BLOCKING,False,65.0,15.6,22.1,25.4,4,STREAMER,-98.5,-98.2,-95.2,19.1,15.1,3,4,3,3,False,27.0,12.0,False,True,False,False,True,False,True,False,HOLD,75.0,"Hold: good matchup vs PIT, scheme fit, favorable game script",False,False
E.J. Jenkins,PHI,TE,1,,False,False,0.0,0.0,0.0,0.0,0.0,0.0,0.0,0.0,0.0,0.0,0.0,0.0,0.0,0.0,0.0,0.0,0.0,0.0,0.0,0.0,0.0,0.0,0.0,0.0,10.0,0.0,0.0,0.0,,,,,,,,,,,,,,,,,,,,,,,,,,0,1,100.0,0.0,,,,,,,-11.35,-5.65,-62.94,-17.84,0.0,0.0,0.0,,,0.0,,7,0.0,0.0,10.0,0.0,0.0,DAL,False,0,,,,,,Insufficient Data,BLOCKING,False,65.0,6.6,4.9,11.5,5,BENCH,-100.0,-100.0,-100.0,5.0,23.1,1,0,0,4,False,19.0,12.0,False,False,False,False,False,False,False,False,,,,False,False
Elijah Arroyo,SEA,TE,9,48.0,False,False,33.9,27.9,21.9,19.0,12.0,145.0,1.0,0.0,0.0,0.0,19.0,165.0,50.0,13.0,10.0,0.0,10.0,3.77,3.1,2.43,2.11,1.33,0.0,2.11,42.33,8.02,1.11,1.11,5.7,4.7,3.7,4.14,3.34,2.54,3.0,2.4,10.1,0.0,3.0,39.33,2.33,2.37,2.03,1.7,0.67,-8.33,0.67,3.43,91.1,0.0,0.0,10.9,10.9,0,8,88.89,63.16,92.31,87.88,4.17,7.63,1.78,1.78,-7.59,-3.54,-30.61,-9.82,1.0,0.11,17.7,2.27,3.33,8.55,0.0,11,0.0,2.0,37.0,4.8,8.3,TEN,False,0,86.5,58.3,49.0,66.0,65.0,Average,HYBRID,False,65.0,59.8,61.5,54.9,2,TE2,-71.5,-66.9,-8.7,19.6,17.4,3,4,2,3,False,23.0,12.0,False,True,False,False,False,False,True,False,BUY,80.0,"Strong buy: good matchup vs TEN, scheme fit",False,False
Elijah Higgins,ARI,TE,9,52.0,False,False,29.1,22.6,16.1,16.0,13.0,109.0,0.0,0.0,0.0,0.0,16.0,34.0,80.0,13.0,3.0,0.0,3.0,3.23,2.51,1.79,1.78,1.44,0.0,1.78,32.33,5.39,0.33,0.33,3.73,2.73,1.73,3.92,2.92,1.92,2.33,2.2,6.67,0.0,2.33,39.67,0.33,0.93,0.6,0.27,1.0,10.67,1.0,2.21,68.23,1.3,1.3,6.0,6.0,0,9,100.0,81.25,100.0,320.59,6.15,6.81,1.82,1.82,-8.12,-3.87,-40.61,-12.46,0.0,0.0,0.0,3.17,2.8,3.65,3.9,10,3.9,3.0,37.0,6.8,6.36,JAC,True,0,47.7,72.2,74.0,57.7,62.9,Average,BLOCKING,False,65.0,56.6,55.7,36.9,2,TE2,-75.6,-71.6,-21.8,14.3,18.3,3,2,2,2,False,9.0,12.0,False,False,True,False,True,False,False,True,HOLD,35.0,"Hold - consider benching: tough matchup vs JAC, scheme mismatch, favorable game script",False,True
Eric Saubert,SEA,TE,7,97.0,False,False,2.2,1.7,1.2,1.0,1.0,12.0,0.0,0.0,0.0,0.0,1.0,6.0,6.0,1.0,1.0,0.0,1.0,0.31,0.24,0.17,0.14,0.14,0.0,0.14,34.0,0.71,0.14,0.14,0.0,0.0,0.0,0.44,0.34,0.24,0.0,0.2,0.0,0.0,0.0,33.0,0.0,-0.73,-0.57,-0.4,-0.33,-7.67,-0.33,0.77,244.95,0.0,0.0,0.0,2.2,0,7,100.0,100.0,100.0,200.0,6.0,12.0,2.2,2.2,-11.04,-5.5,-38.94,-17.13,0.0,0.0,0.0,0.73,0.0,0.0,,7,0.0,0.0,31.0,0.0,1.0,TEN,False,0,65.8,6.9,5.8,3.6,20.5,Risky,BLOCKING,False,65.0,18.9,15.2,39.3,4,STREAMER,-97.7,-97.3,-92.5,18.0,17.4,3,3,2,3,False,23.0,12.0,False,True,False,False,False,False,True,False,HOLD,70.0,"Hold: good matchup vs TEN, scheme fit",False,False
Evan Engram,DEN,TE,10,30.0,False,False,64.7,47.7,30.7,52.0,34.0,269.0,1.0,1.0,7.0,0.0,53.0,225.0,187.0,37.0,11.0,0.0,11.0,6.47,4.77,3.07,5.2,3.4,0.1,5.3,44.2,15.04,1.1,1.1,3.5,2.5,1.5,5.46,3.96,2.46,4.33,5.0,13.73,0.0,4.33,45.0,2.33,-5.4,-4.07,-2.73,-1.67,-3.67,-2.0,3.75,57.97,0.0,0.0,7.3,9.2,0,7,70.0,65.38,91.89,119.56,5.5,5.17,1.24,1.22,-4.88,-0.45,-28.74,-2.8,1.0,0.1,9.27,3.65,10.03,5.6,5.25,11,7.3,5.0,40.0,13.9,14.46,WAS,,0,89.2,97.2,84.6,14.4,71.4,Reliable,RECEIVING,False,65.0,74.6,86.9,59.8,2,TE2,-51.1,-43.2,56.6,17.9,16.5,1,3,2,2,True,29.0,13.0,True,True,False,True,False,False,True,False,SELL,95.0,"Strong sell: smash spot vs WAS, scheme fit (Week 13 - after bye)",False,False
Feleipe Franks,ATL,TE,1,,False,False,0.0,0.0,0.0,0.0,0.0,0.0,0.0,1.0,2.0,0.0,1.0,0.0,0.0,0.0,0.0,0.0,0.0,0.0,0.0,0.0,0.0,0.0,1.0,1.0,0.0,0.0,0.0,0.0,,,,,,,,,,,,,,,,,,,,,,,,,,0,1,100.0,0.0,,,,,,0.0,-11.35,-5.65,-72.94,-17.84,0.0,0.0,0.0,,0.0,,,6,0.0,0.0,0.0,0.0,0.0,NO,False,0,,,,,,Insufficient Data,BLOCKING,False,65.0,6.6,4.9,0.8,5,BENCH,-100.0,-100.0,-100.0,25.0,14.1,0,1,3,1,False,7.0,12.0,False,False,True,False,False,True,False,True,,,,False,False
Foster Moreau,NO,TE,6,86.0,False,False,5.5,4.0,2.5,5.0,3.0,25.0,0.0,0.0,0.0,0.0,5.0,6.0,15.0,4.0,1.0,0.0,1.0,0.92,0.67,0.42,0.83,0.5,0.0,0.83,35.17,2.88,0.17,0.17,1.2,0.87,0.53,1.1,0.8,0.5,1.33,1.0,4.5,0.0,1.33,39.0,0.33,0.57,0.4,0.23,1.0,7.67,1.0,1.39,151.22,0.0,0.0,3.6,3.6,0,6,100.0,60.0,75.0,416.67,5.0,5.0,1.1,1.1,-10.44,-4.81,-37.78,-14.96,0.0,0.0,0.0,,0.95,0.0,3.6,10,3.6,3.0,62.0,11.5,3.46,ATL,True,0,28.8,24.1,25.0,71.1,37.2,Volatile,BLOCKING,False,65.0,27.9,36.1,44.3,3,STREAMER,-93.0,-91.9,-77.7,20.2,17.3,1,2,2,4,False,24.0,12.0,False,True,False,False,False,True,True,False,HOLD,65.0,"Hold: good matchup vs ATL, scheme fit, unfavorable game script",False,False
George Kittle,SF,TE,6,7.0,True,True,74.9,61.4,47.9,30.0,27.0,244.0,5.0,0.0,0.0,0.0,30.0,186.0,73.0,27.0,15.0,1.0,16.0,12.48,10.23,7.98,5.0,4.5,0.0,5.0,62.67,15.7,2.5,2.67,20.8,17.63,14.47,12.48,10.18,7.88,6.67,5.2,20.77,0.0,6.67,89.0,4.67,16.63,14.8,12.97,3.33,52.67,3.33,9.86,78.99,14.3,0.0,24.7,24.7,2,2,33.33,90.0,100.0,131.18,2.7,8.13,2.5,2.5,1.13,-0.65,-10.28,-2.14,5.0,0.83,40.05,6.25,,7.15,24.05,11,24.7,6.0,87.0,23.1,16.48,CAR,True,0,0.0,78.7,57.7,99.0,58.8,Average,RECEIVING,True,65.0,95.1,84.4,79.5,1,TE1,-5.7,9.7,202.1,15.3,12.3,2,1,2,1,True,6.0,12.0,False,False,True,False,False,False,False,True,BUY,50.0,"Speculative buy: tough matchup vs CAR, scheme mismatch",False,True
Grant Calcaterra,PHI,TE,7,89.0,False,False,4.2,3.7,3.2,3.0,1.0,16.0,0.0,0.0,0.0,0.0,3.0,35.0,12.0,1.0,0.0,0.0,0.0,0.6,0.53,0.46,0.43,0.14,0.0,0.43,51.86,1.8,0.0,0.0,0.0,0.0,0.0,0.52,0.42,0.32,0.33,0.6,1.43,0.0,0.33,49.33,0.0,-1.4,-1.23,-1.07,-0.33,-2.67,-0.33,0.99,164.27,0.0,0.0,0.0,2.6,0,7,100.0,33.33,100.0,45.71,12.0,5.33,1.4,1.4,-10.75,-5.22,-21.08,-16.04,0.0,0.0,0.0,0.53,2.6,0.0,0.0,11,0.0,0.0,47.0,0.0,2.52,DAL,False,0,11.7,13.9,18.3,3.6,11.9,Risky,BLOCKING,False,65.0,25.4,25.4,67.2,3,STREAMER,-95.5,-94.7,-85.5,20.4,23.1,1,3,0,4,False,19.0,12.0,False,False,False,False,False,False,False,False,HOLD,50.0,Hold,False,False
Greg Dulcich,MIA,TE,4,42.0,False,False,16.9,12.9,8.9,13.0,8.0,89.0,0.0,0.0,0.0,0.0,13.0,55.0,49.0,8.0,2.0,0.0,2.0,4.22,3.22,2.22,3.25,2.0,0.0,3.25,44.0,13.12,0.5,0.5,5.63,4.3,2.97,,,,4.33,,17.5,0.0,4.33,49.33,0.67,,,,,,,3.58,84.75,3.2,,9.9,,0,3,75.0,61.54,100.0,161.82,6.12,6.85,1.3,1.3,-7.13,-2.4,-28.94,-4.72,0.0,0.0,0.0,,,4.95,3.5,11,3.8,4.0,54.0,20.0,13.12,NO,,0,34.2,59.3,47.1,,46.9,Volatile,HYBRID,False,65.0,64.8,72.1,58.6,2,TE2,-68.1,-62.9,2.2,24.5,17.0,0,3,2,2,True,7.0,13.0,True,False,True,False,False,True,False,True,HOLD,25.0,"Hold - consider benching: tough matchup vs NO, scheme mismatch, unfavorable game script (Week 13 - after bye)",False,True
Gunnar Helm,TEN,TE,9,35.0,False,False,44.2,34.7,25.2,25.0,19.0,189.0,1.0,0.0,0.0,0.0,25.0,202.0,59.0,20.0,7.0,0.0,7.0,4.91,3.86,2.8,2.78,2.11,0.0,2.78,46.0,8.92,0.78,0.78,6.57,5.4,4.23,6.16,4.86,3.56,3.0,3.4,8.93,0.0,3.0,53.67,2.0,2.13,2.13,2.13,0.0,6.67,0.0,2.7,54.88,2.5,2.5,10.3,10.3,0,8,88.89,76.0,95.0,93.56,3.11,7.56,1.77,1.77,-6.44,-2.87,-26.94,-8.92,1.0,0.11,13.57,3.73,2.85,6.8,6.9,11,6.9,5.0,64.0,13.9,10.24,SEA,True,0,68.5,74.1,85.6,60.8,72.2,Reliable,HYBRID,False,65.0,70.5,69.7,62.7,2,TE2,-62.9,-56.9,18.9,18.9,11.0,1,1,4,1,False,14.0,12.0,False,False,False,False,True,False,False,False,BUY,65.0,Buy: favorable game script,False,False
Harold Fannin Jr.,CLE,TE,9,16.0,False,True,90.4,69.4,48.4,60.0,42.0,393.0,2.0,3.0,6.0,0.0,63.0,399.0,192.0,46.0,13.0,2.0,15.0,10.04,7.71,5.38,6.67,4.67,0.33,7.0,74.67,19.62,1.44,1.67,10.2,8.2,6.2,11.4,9.1,6.8,6.0,6.4,24.0,0.33,6.33,76.33,2.67,-0.1,0.07,0.23,-0.67,-5.0,-0.67,4.67,46.54,4.6,4.6,18.4,18.4,2,4,44.44,70.0,91.3,98.5,4.57,6.55,1.51,1.43,-1.31,1.02,1.72,1.78,2.0,0.22,13.27,9.63,10.3,13.0,4.6,11,4.6,5.0,73.0,20.0,20.82,LV,False,0,80.2,93.5,94.2,42.3,77.6,Reliable,RECEIVING,False,65.0,87.7,96.7,87.7,1,TE1,-24.1,-11.8,143.1,14.8,21.4,4,2,1,5,False,32.0,12.0,False,True,False,True,False,False,True,False,HOLD,75.0,"Hold - must start: smash spot vs LV, scheme fit",False,False
Harrison Bryant,HOU,TE,8,96.0,False,False,2.7,1.7,0.7,5.0,2.0,7.0,0.0,0.0,0.0,0.0,5.0,44.0,0.0,2.0,0.0,0.0,0.0,0.34,0.21,0.09,0.62,0.25,0.0,0.62,26.25,1.78,0.0,0.0,0.4,0.23,0.07,0.54,0.34,0.14,1.0,1.0,2.57,0.0,1.0,26.0,0.0,-0.1,-0.1,-0.1,0.33,4.0,0.33,0.59,174.62,0.0,0.0,1.2,1.5,0,8,100.0,40.0,100.0,15.91,0.0,1.4,0.54,0.54,-11.02,-5.02,-46.69,-16.07,0.0,0.0,0.0,0.0,0.75,0.4,0.0,10,0.0,0.0,23.0,0.0,2.84,BUF,True,0,87.4,23.1,16.3,34.0,40.2,Volatile,BLOCKING,False,65.0,19.7,31.1,29.5,4,STREAMER,-97.4,-97.0,-91.8,17.8,17.9,3,3,1,2,False,25.0,12.0,False,True,False,False,False,True,True,False,HOLD,65.0,"Hold: good matchup vs BUF, scheme fit, unfavorable game script",False,False
Hunter Henry,NE,TE,11,21.0,False,True,100.2,81.7,63.2,58.0,37.0,479.0,4.0,0.0,0.0,0.0,58.0,541.0,182.0,39.0,19.0,0.0,19.0,9.11,7.43,5.75,5.27,3.36,0.0,5.27,82.27,16.66,1.73,1.73,6.5,5.0,3.5,6.9,5.5,4.1,5.33,4.4,17.8,0.0,5.33,85.33,3.67,-0.4,-0.57,-0.73,2.33,9.67,2.33,6.96,76.43,1.9,1.9,9.1,9.1,1,6,54.55,63.79,94.87,88.54,4.92,8.26,1.73,1.73,-2.24,-0.37,9.33,-1.18,4.0,0.36,23.95,13.83,8.07,8.03,5.2,11,8.5,6.0,94.0,18.2,15.7,CIN,False,0,79.3,70.4,65.4,40.2,63.8,Average,RECEIVING,False,65.0,83.6,88.5,95.1,1,TE1,-31.2,-20.0,120.6,17.2,15.0,4,6,2,2,True,4.0,12.0,False,False,True,False,False,False,False,True,HOLD,30.0,"Hold - consider benching: tough matchup vs CIN, scheme mismatch",False,True
Hunter Long,JAC,TE,8,45.0,False,False,32.5,26.0,19.5,18.0,13.0,91.0,2.0,0.0,0.0,0.0,18.0,75.0,31.0,17.0,4.0,0.0,4.0,4.06,3.25,2.44,2.25,1.62,0.0,2.25,41.0,6.41,0.5,0.5,3.03,2.2,1.37,4.34,3.44,2.54,3.0,2.6,7.53,0.0,3.0,68.67,0.33,-2.23,-2.07,-1.9,0.67,31.33,0.67,3.47,85.31,1.6,1.3,3.9,11.3,0,7,87.5,72.22,76.47,121.33,2.38,5.06,1.81,1.81,-7.29,-3.4,-31.94,-11.43,2.0,0.25,36.92,3.6,5.5,2.6,,9,1.6,3.0,66.0,9.1,7.32,ARI,False,0,4.5,80.6,52.9,19.6,39.4,Volatile,BLOCKING,False,65.0,62.3,64.3,51.2,2,TE2,-69.3,-64.3,-1.7,16.5,15.6,2,2,2,2,False,8.0,12.0,False,False,True,False,False,False,False,True,SELL,40.0,"Consider selling: tough matchup vs ARI, scheme mismatch",False,True
Ian Thomas,LV,TE,9,81.0,False,False,9.9,7.4,4.9,5.0,5.0,49.0,0.0,0.0,0.0,0.0,5.0,22.0,27.0,5.0,0.0,0.0,0.0,1.1,0.82,0.54,0.56,0.56,0.0,0.56,30.22,1.5,0.0,0.0,1.63,1.3,0.97,1.98,1.48,0.98,0.67,1.0,1.73,0.0,0.67,18.33,0.0,-0.03,0.13,0.3,-0.33,-30.33,-0.33,1.72,156.64,0.0,0.0,3.0,5.0,0,9,100.0,100.0,100.0,222.73,5.4,9.8,1.98,1.98,-10.25,-5.09,-42.72,-16.34,0.0,0.0,0.0,0.0,2.5,0.95,1.5,11,3.0,1.0,28.0,2.6,2.7,CLE,True,0,18.9,14.8,24.0,41.2,24.7,Risky,BLOCKING,False,65.0,32.0,29.1,35.7,3,STREAMER,-91.7,-90.3,-73.4,16.1,14.1,2,1,2,1,False,1.0,12.0,False,False,True,False,False,True,False,True,HOLD,25.0,"Hold - consider benching: tough matchup vs CLE, scheme mismatch, unfavorable game script",False,True
Isaiah Likely,BAL,TE,7,51.0,False,False,23.8,17.8,11.8,16.0,12.0,118.0,0.0,0.0,0.0,0.0,16.0,105.0,47.0,13.0,7.0,0.0,7.0,3.4,2.54,1.69,2.29,1.71,0.0,2.29,58.0,9.16,1.0,1.0,5.4,4.23,3.07,4.32,3.22,2.12,3.67,3.0,14.57,0.0,3.67,55.67,2.0,2.87,2.53,2.2,2.0,-8.33,2.0,2.55,74.95,3.5,2.6,9.0,9.0,0,6,85.71,75.0,92.31,112.38,3.92,7.38,1.49,1.49,-7.95,-3.36,-14.94,-8.69,0.0,0.0,0.0,,1.6,5.9,3.6,11,3.5,3.0,52.0,12.0,11.82,NYJ,True,0,57.7,63.0,63.5,85.6,67.4,Average,HYBRID,False,65.0,57.4,65.6,76.2,2,TE2,-74.3,-70.1,-17.7,10.1,14.0,3,0,3,2,False,11.0,12.0,False,False,False,False,False,True,False,False,BUY,55.0,Speculative buy: unfavorable game script,False,False
Ja'Tavion Sanders,CAR,TE,7,33.0,False,False,41.0,31.5,22.0,21.0,19.0,143.0,0.0,0.0,0.0,0.0,21.0,115.0,66.0,19.0,16.0,0.0,16.0,5.86,4.5,3.14,3.0,2.71,0.0,3.0,53.43,10.71,2.29,2.29,5.3,3.63,1.97,4.78,3.28,1.78,3.33,3.0,12.03,0.0,3.33,44.67,3.33,-1.5,-2.0,-2.5,0.67,-15.0,0.67,3.32,56.72,1.5,1.5,8.2,8.2,0,5,71.43,90.48,100.0,124.35,3.47,6.81,1.95,1.95,-5.5,-2.65,-19.51,-7.13,0.0,0.0,0.0,6.73,,3.2,7.2,11,6.2,4.0,48.0,9.1,11.48,SF,False,0,64.0,84.3,83.7,32.0,66.0,Average,HYBRID,False,65.0,72.1,70.9,69.7,2,TE2,-55.7,-48.5,41.9,14.3,21.7,4,3,1,3,True,26.0,12.0,False,True,False,False,True,False,True,False,HOLD,75.0,"Hold: good matchup vs SF, scheme fit, favorable game script",False,False
Jack Stoll,NO,TE,9,77.0,False,False,11.8,10.3,8.8,6.0,3.0,28.0,1.0,0.0,0.0,0.0,6.0,30.0,10.0,3.0,1.0,0.0,1.0,1.31,1.14,0.98,0.67,0.33,0.0,0.67,25.67,1.83,0.11,0.11,0.0,0.0,0.0,0.0,0.0,0.0,0.67,0.4,1.73,0.0,0.67,18.33,0.0,-0.57,-0.4,-0.23,0.33,-13.33,0.33,3.15,240.42,0.0,0.0,0.0,0.0,0,8,88.89,50.0,100.0,93.33,3.33,4.67,1.97,1.97,-10.04,-4.98,-47.28,-16.01,1.0,0.11,50.85,3.37,0.57,0.0,,9,0.0,0.0,22.0,0.0,1.04,ATL,True,0,77.5,22.2,7.7,3.6,27.8,Risky,BLOCKING,True,65.0,35.2,32.4,28.3,3,STREAMER,-90.1,-88.5,-68.3,20.9,17.3,1,4,2,4,False,24.0,12.0,False,True,False,False,False,True,True,False,HOLD,65.0,"Hold: good matchup vs ATL, scheme fit, unfavorable game script",False,False
Jack Westover,NE,TE,11,105.0,False,False,0.0,0.0,0.0,1.0,0.0,0.0,0.0,0.0,0.0,0.0,1.0,12.0,0.0,0.0,0.0,0.0,0.0,0.0,0.0,0.0,0.09,0.0,0.0,0.09,21.36,0.31,0.0,0.0,0.0,0.0,0.0,0.0,0.0,0.0,0.33,0.2,1.13,0.0,0.33,33.67,0.0,0.0,0.0,0.0,0.33,9.67,0.33,0.0,0.0,0.0,0.0,0.0,0.0,0,11,100.0,0.0,,0.0,,0.0,0.0,0.0,-11.35,-5.56,-51.58,-17.54,0.0,0.0,0.0,0.0,0.0,0.0,0.0,11,0.0,0.0,30.0,0.0,0.68,CIN,False,0,44.1,0.0,,45.9,30.0,Volatile,BLOCKING,False,65.0,6.6,9.8,23.0,5,BENCH,-100.0,-100.0,-100.0,17.2,15.0,4,6,2,2,True,4.0,12.0,False,False,True,False,False,False,False,True,HOLD,30.0,"Hold - consider benching: tough matchup vs CIN, scheme mismatch",False,False
Jackson Hawes,BUF,TE,10,54.0,False,False,31.3,27.3,23.3,11.0,8.0,137.0,2.0,0.0,0.0,0.0,11.0,147.0,33.0,10.0,2.0,0.0,2.0,3.13,2.73,2.33,1.1,0.8,0.0,1.1,42.5,3.87,0.2,0.2,4.13,3.8,3.47,3.18,2.78,2.38,1.33,1.4,4.37,0.0,1.33,41.33,0.0,2.97,2.97,2.97,0.33,-5.0,0.33,3.07,98.08,0.0,0.0,9.6,9.6,0,9,90.0,72.73,80.0,93.2,4.12,12.45,2.85,2.85,-8.22,-4.55,-30.44,-13.97,2.0,0.2,38.34,4.3,0.83,3.15,4.8,11,0.0,0.0,34.0,0.0,5.22,HOU,False,0,45.9,44.0,44.2,97.9,58.0,Average,BLOCKING,False,65.0,54.9,42.2,55.7,2,TE2,-76.3,-72.5,-24.2,13.6,14.1,4,2,2,1,False,18.0,12.0,False,False,False,False,False,False,False,False,BUY,60.0,Speculative buy,False,False
Jake Ferguson,DAL,TE,9,6.0,True,True,118.1,93.6,69.1,58.0,49.0,316.0,5.0,0.0,0.0,0.0,58.0,240.0,179.0,50.0,27.0,0.0,27.0,13.12,10.4,7.68,6.44,5.44,0.0,6.44,68.78,18.38,3.0,3.0,6.53,5.03,3.53,11.16,9.26,7.36,4.33,5.0,12.63,0.0,4.33,70.67,6.33,-11.2,-9.87,-8.53,-2.0,4.0,-2.0,7.03,53.6,0.0,0.0,11.6,23.9,4,2,22.22,84.48,98.0,131.67,3.65,5.45,2.04,2.04,1.77,0.8,-4.16,0.53,5.0,0.56,25.4,15.1,17.73,4.0,11.6,11,11.6,5.0,63.0,15.6,15.76,PHI,True,0,48.6,67.6,86.5,12.4,53.8,Average,RECEIVING,False,65.0,95.9,95.1,83.6,1,TE1,-0.9,15.3,217.6,14.1,19.1,4,2,1,3,False,16.0,12.0,False,False,False,False,False,False,False,False,SELL,70.0,Sell,False,False
Jake Tonges,SF,TE,10,28.0,False,False,72.6,60.1,47.6,33.0,25.0,210.0,4.0,0.0,0.0,0.0,33.0,164.0,109.0,25.0,5.0,0.0,5.0,7.26,6.01,4.76,3.3,2.5,0.0,3.3,44.7,8.4,0.5,0.5,2.4,2.23,2.07,3.8,3.1,2.4,0.33,1.6,1.07,0.0,0.33,8.0,0.33,-7.23,-5.23,-3.23,-5.67,-48.0,-5.67,5.94,81.83,0.0,0.0,7.2,11.8,1,6,60.0,75.76,100.0,128.05,4.36,6.36,2.2,2.2,-4.09,-2.35,-28.24,-9.44,4.0,0.4,33.06,7.23,14.57,3.6,0.0,11,0.0,0.0,9.0,0.0,4.42,CAR,True,0,0.9,31.5,58.7,10.3,25.3,Risky,HYBRID,False,65.0,77.0,73.0,60.7,1,TE1,-45.1,-36.2,75.8,16.1,12.3,4,2,2,1,True,6.0,12.0,False,False,True,False,False,False,False,True,SELL,50.0,"Consider selling: tough matchup vs CAR, scheme mismatch",False,True
James Mitchell,CAR,TE,3,70.0,False,False,5.8,4.3,2.8,3.0,3.0,28.0,0.0,0.0,0.0,0.0,3.0,7.0,21.0,3.0,0.0,0.0,0.0,1.93,1.43,0.93,1.0,1.0,0.0,1.0,19.67,3.33,0.0,0.0,1.93,1.43,0.93,,,,1.0,,3.33,0.0,1.0,19.67,0.0,,,,,,,1.52,78.37,0.0,,3.7,,0,3,100.0,100.0,100.0,400.0,7.0,9.33,1.93,1.93,-9.42,-4.65,-53.28,-14.51,0.0,0.0,0.0,,1.93,,,6,0.0,0.0,15.0,0.0,3.33,SF,False,0,93.7,35.2,50.0,,59.6,Average,BLOCKING,False,65.0,41.8,39.8,22.1,3,STREAMER,-85.4,-83.0,-53.3,14.3,21.7,1,0,1,3,True,26.0,12.0,False,True,False,False,True,False,True,False,HOLD,75.0,"Hold: good matchup vs SF, scheme fit, favorable game script",False,False
Jelani Woods,NYJ,TE,1,,False,False,0.0,0.0,0.0,0.0,0.0,0.0,0.0,0.0,0.0,0.0,0.0,0.0,0.0,0.0,0.0,0.0,0.0,0.0,0.0,0.0,0.0,0.0,0.0,0.0,1.0,0.0,0.0,0.0,,,,,,,,,,,,,,,,,,,,,,,,,,0,1,100.0,0.0,,,,,,,-11.35,-5.65,-71.94,-17.84,0.0,0.0,0.0,,,0.0,,8,0.0,0.0,1.0,0.0,0.0,BAL,False,0,,,,,,Insufficient Data,BLOCKING,False,65.0,6.6,4.9,1.6,5,BENCH,-100.0,-100.0,-100.0,4.0,15.6,1,0,3,2,False,20.0,12.0,False,False,False,False,False,False,False,False,,,,False,False
Jeremy Ruckert,NYJ,TE,10,53.0,False,False,31.9,24.4,16.9,17.0,15.0,130.0,1.0,0.0,0.0,0.0,17.0,76.0,69.0,15.0,3.0,0.0,3.0,3.19,2.44,1.69,1.7,1.5,0.0,1.7,41.1,6.66,0.3,0.3,3.57,2.57,1.57,2.14,1.54,0.94,2.33,1.6,10.53,0.0,2.33,49.33,0.67,1.3,0.97,0.63,0.67,15.67,0.67,2.77,86.89,1.0,0.0,6.3,6.3,0,10,100.0,88.24,100.0,171.05,4.6,7.65,1.88,1.88,-8.16,-3.95,-31.84,-11.18,1.0,0.1,18.81,3.7,3.37,1.7,3.65,11,6.3,5.0,44.0,19.2,6.96,BAL,False,0,82.0,38.9,51.9,63.9,59.2,Average,BLOCKING,False,65.0,55.7,54.9,52.5,2,TE2,-75.9,-72.0,-22.8,14.7,15.6,5,3,3,2,False,20.0,12.0,False,False,False,False,False,False,False,False,HOLD,50.0,Hold,False,False
John Bates,WAS,TE,9,75.0,False,False,12.2,9.2,6.2,10.0,6.0,62.0,0.0,0.0,0.0,0.0,10.0,26.0,39.0,7.0,1.0,0.0,1.0,1.36,1.02,0.69,1.11,0.67,0.0,1.11,48.56,4.69,0.11,0.11,1.87,1.37,0.87,2.06,1.56,1.06,2.0,1.8,9.37,0.0,2.0,58.67,0.0,0.3,0.13,-0.03,1.0,10.67,1.0,1.42,104.68,0.0,0.0,4.0,4.0,0,9,100.0,60.0,85.71,238.46,6.5,6.2,1.22,1.22,-10.0,-4.54,-24.39,-13.16,0.0,0.0,0.0,0.0,0.95,2.9,0.8,11,0.0,0.0,57.0,0.0,7.58,DEN,,0,27.9,27.8,40.4,53.6,37.4,Volatile,BLOCKING,False,65.0,36.9,43.4,64.8,3,STREAMER,-89.7,-88.1,-67.1,15.0,15.7,2,2,2,1,True,10.0,13.0,True,False,True,False,False,False,False,True,HOLD,30.0,"Hold - consider benching: tough matchup vs DEN, scheme mismatch (Week 13 - after bye)",False,True
John FitzPatrick,GB,TE,9,71.0,False,False,14.9,11.4,7.9,7.0,7.0,31.0,1.0,0.0,0.0,0.0,7.0,13.0,18.0,7.0,3.0,0.0,3.0,1.66,1.27,0.88,0.78,0.78,0.0,0.78,30.22,3.06,0.33,0.33,0.97,0.63,0.3,0.9,0.6,0.3,0.67,0.6,2.3,0.0,0.67,42.0,0.67,0.43,0.27,0.1,0.33,21.67,0.33,2.75,166.25,0.0,0.0,1.5,1.6,0,8,88.89,100.0,100.0,238.46,2.57,4.43,2.13,2.13,-9.7,-4.87,-42.72,-14.79,1.0,0.11,40.27,3.47,0.0,1.0,1.5,11,1.5,1.0,64.0,4.0,2.1,MIN,True,0,32.4,47.2,19.2,69.1,42.0,Volatile,BLOCKING,True,65.0,41.0,33.6,35.7,3,STREAMER,-87.5,-85.4,-59.8,16.9,13.7,4,4,3,1,False,5.0,12.0,False,False,True,False,False,True,False,True,HOLD,25.0,"Hold - consider benching: tough matchup vs MIN, scheme mismatch, unfavorable game script",False,True
Johnny Mundt,JAC,TE,10,73.0,False,False,15.3,11.8,8.3,16.0,7.0,83.0,0.0,0.0,0.0,0.0,16.0,57.0,58.0,9.0,1.0,0.0,1.0,1.53,1.18,0.83,1.6,0.7,0.0,1.6,39.1,5.23,0.1,0.1,2.53,2.03,1.53,2.38,1.88,1.38,1.67,2.2,7.43,0.0,1.67,46.67,0.33,0.53,0.53,0.53,-0.67,9.67,-0.67,1.47,96.06,0.0,0.0,4.5,4.5,0,10,100.0,43.75,77.78,145.61,8.29,5.19,0.96,0.96,-9.82,-4.05,-33.84,-12.61,0.0,0.0,0.0,0.57,1.37,0.95,3.8,11,4.5,3.0,58.0,13.6,7.12,ARI,False,0,61.3,54.6,46.2,56.7,54.7,Average,BLOCKING,False,65.0,38.9,51.6,50.0,3,STREAMER,-88.4,-86.6,-63.0,16.5,15.6,2,2,2,2,False,8.0,12.0,False,False,True,False,False,False,False,True,HOLD,30.0,"Hold - consider benching: tough matchup vs ARI, scheme mismatch",False,True
Jonnu Smith,PIT,TE,9,34.0,False,False,49.8,37.8,25.8,35.0,24.0,126.0,2.0,1.0,10.0,0.0,36.0,145.0,113.0,25.0,7.0,0.0,7.0,5.53,4.2,2.87,3.89,2.67,0.11,4.0,61.11,13.78,0.78,0.78,1.7,1.2,0.7,4.54,3.64,2.74,2.33,3.4,7.8,0.0,2.33,60.33,1.33,-5.03,-4.2,-3.37,-2.0,5.67,-2.33,4.07,73.52,0.0,0.0,3.7,11.8,0,7,77.78,68.57,96.0,86.9,4.71,3.6,1.42,1.38,-5.82,-1.76,-11.83,-4.07,2.0,0.22,24.1,8.17,4.2,7.75,0.7,11,0.0,2.0,54.0,6.9,11.08,CHI,False,0,22.5,83.3,68.3,11.3,46.4,Volatile,HYBRID,False,65.0,71.3,77.0,78.7,2,TE2,-58.2,-51.4,33.9,8.8,15.9,5,0,2,2,False,13.0,12.0,False,False,False,False,False,False,False,False,SELL,70.0,Sell,False,False
Josh Oliver,MIN,TE,8,56.0,False,False,23.8,20.3,16.8,9.0,7.0,63.0,2.0,0.0,0.0,0.0,9.0,11.0,49.0,7.0,8.0,0.0,8.0,2.97,2.54,2.1,1.12,0.88,0.0,1.12,34.38,3.88,1.0,1.0,0.87,0.53,0.2,2.82,2.42,2.02,0.67,1.2,1.87,0.0,0.67,29.67,1.67,-5.7,-5.53,-5.37,-1.0,-6.33,-1.0,4.11,138.1,0.0,0.0,1.9,11.5,0,6,75.0,77.78,100.0,572.73,7.0,7.0,2.64,2.64,-8.38,-4.52,-38.57,-13.97,2.0,0.25,50.42,3.23,5.75,0.95,0.7,11,0.7,1.0,35.0,3.1,3.36,GB,False,0,40.5,53.7,27.9,8.2,32.6,Volatile,BLOCKING,True,65.0,53.3,44.3,41.8,2,TE2,-77.6,-73.9,-28.1,14.1,18.0,2,2,2,3,False,3.0,12.0,False,False,True,False,False,False,False,True,SELL,50.0,"Consider selling: tough matchup vs GB, scheme mismatch",False,True
Josh Whyle,GB,TE,1,,False,False,7.2,6.7,6.2,1.0,1.0,2.0,1.0,0.0,0.0,0.0,1.0,2.0,0.0,1.0,1.0,0.0,1.0,7.2,6.7,6.2,1.0,1.0,0.0,1.0,36.0,4.0,1.0,1.0,,,,,,,,,,,,,,,,,,,,,,,,,,0,1,100.0,100.0,100.0,100.0,0.0,2.0,7.2,7.2,-4.15,-4.65,-36.94,-13.84,1.0,1.0,83.33,,,,7.2,11,7.2,1.0,36.0,4.0,4.0,MIN,True,0,,,,,,Insufficient Data,BLOCKING,True,65.0,76.2,39.8,45.9,1,TE1,-45.6,-36.7,74.3,28.0,13.7,0,1,3,1,False,5.0,12.0,False,False,True,False,False,True,False,True,,,,False,False
Julian Hill,MIA,TE,7,64.0,False,False,16.0,12.0,8.0,11.0,8.0,60.0,0.0,0.0,0.0,0.0,11.0,38.0,49.0,8.0,5.0,0.0,5.0,2.29,1.71,1.14,1.57,1.14,0.0,1.57,56.14,5.34,0.71,0.71,3.23,2.23,1.23,2.8,2.0,1.2,2.67,2.2,8.8,0.0,2.67,53.0,1.33,1.8,1.13,0.47,1.67,-5.67,1.67,1.82,79.66,1.1,1.1,6.2,6.2,0,7,100.0,72.73,100.0,157.89,6.12,5.45,1.45,1.45,-9.07,-4.08,-16.8,-12.5,0.0,0.0,0.0,1.13,4.55,1.1,2.4,11,2.4,1.0,46.0,5.0,7.48,NO,,0,83.8,30.6,59.6,87.6,65.4,Average,BLOCKING,False,65.0,46.7,50.8,72.1,3,STREAMER,-82.7,-79.9,-44.6,15.9,17.0,2,2,2,2,True,7.0,13.0,True,False,True,False,False,True,False,True,BUY,35.0,"Speculative buy: tough matchup vs NO, scheme mismatch, unfavorable game script (Week 13 - after bye)",False,True
Juwan Johnson,NO,TE,10,13.0,False,True,108.1,85.1,62.1,62.0,46.0,518.0,3.0,0.0,0.0,0.0,62.0,476.0,223.0,50.0,7.0,0.0,7.0,10.81,8.51,6.21,6.2,4.6,0.0,6.2,79.9,17.64,0.7,0.7,13.87,11.87,9.87,11.2,9.3,7.4,5.33,5.0,16.03,0.0,5.33,65.67,0.67,7.83,7.33,6.83,1.0,-10.0,1.0,5.37,49.64,10.3,1.5,19.2,19.2,3,3,30.0,74.19,92.0,108.82,4.85,8.35,1.74,1.74,-0.54,0.55,6.96,-0.2,3.0,0.3,16.65,14.2,3.67,11.77,19.2,10,19.2,4.0,50.0,15.4,15.68,ATL,True,0,30.6,75.0,91.3,89.7,71.6,Reliable,RECEIVING,False,65.0,90.2,93.4,91.0,1,TE1,-18.3,-5.0,161.7,19.4,17.3,2,4,2,4,False,24.0,12.0,False,True,False,False,False,True,True,False,BUY,85.0,"Strong buy: good matchup vs ATL, scheme fit, unfavorable game script",False,False
Keleki Latu,BUF,TE,1,,False,False,1.4,0.9,0.4,1.0,1.0,4.0,0.0,0.0,0.0,0.0,1.0,4.0,0.0,1.0,0.0,0.0,0.0,1.4,0.9,0.4,1.0,1.0,0.0,1.0,11.0,3.3,0.0,0.0,,,,,,,,,,,,,,,,,,,,,,,,,,0,1,100.0,100.0,100.0,100.0,0.0,4.0,1.4,1.4,-9.95,-4.65,-61.94,-14.54,0.0,0.0,0.0,,,,1.4,11,1.4,1.0,11.0,3.3,3.3,HOU,False,0,,,,,,Insufficient Data,BLOCKING,False,65.0,37.7,39.8,13.1,3,STREAMER,-89.4,-87.7,-66.1,31.0,14.1,0,1,2,1,False,18.0,12.0,False,False,False,False,False,False,False,False,,,,False,False
Kyle Pitts Sr.,ATL,TE,10,18.0,False,True,96.4,71.4,46.4,65.0,50.0,456.0,1.0,0.0,0.0,0.0,65.0,448.0,204.0,53.0,10.0,0.0,10.0,9.64,7.14,4.64,6.5,5.0,0.0,6.5,85.1,19.34,1.0,1.0,5.67,4.33,3.0,9.02,6.62,4.22,5.0,6.8,16.97,0.0,5.0,90.0,2.33,-5.3,-3.47,-1.63,-2.67,1.0,-2.67,4.56,47.33,3.4,3.4,7.8,14.9,1,6,60.0,76.92,94.34,101.79,4.08,7.02,1.48,1.48,-1.71,0.85,12.16,1.5,1.0,0.1,6.22,9.5,11.4,11.97,4.6,11,3.4,3.0,83.0,10.3,21.74,NO,False,0,84.7,94.4,93.3,17.5,72.5,Reliable,RECEIVING,False,65.0,86.1,95.9,95.9,1,TE1,-27.2,-15.3,133.4,16.9,14.1,4,4,3,1,False,7.0,12.0,False,False,True,False,False,True,False,True,SELL,45.0,"Consider selling: tough matchup vs NO, scheme mismatch, unfavorable game script",False,False
Kylen Granson,PHI,TE,9,93.0,False,False,4.0,2.5,1.0,4.0,3.0,6.0,0.0,0.0,0.0,0.0,4.0,34.0,3.0,4.0,0.0,0.0,0.0,0.44,0.28,0.11,0.44,0.33,0.0,0.44,23.78,1.93,0.0,0.0,0.47,0.3,0.13,0.28,0.18,0.08,0.67,0.4,2.47,0.0,0.67,21.0,0.0,0.47,0.3,0.13,0.67,-0.33,0.67,0.64,143.13,0.0,0.0,1.4,1.4,0,9,100.0,75.0,75.0,17.65,1.0,1.5,1.0,1.0,-10.91,-5.2,-49.16,-15.91,0.0,0.0,0.0,0.87,0.0,0.0,0.7,11,1.4,2.0,21.0,7.4,1.48,DAL,False,0,23.4,20.4,26.9,78.4,37.3,Volatile,BLOCKING,False,65.0,22.1,26.2,24.6,4,STREAMER,-96.7,-96.1,-89.3,19.6,23.1,2,4,0,4,False,19.0,12.0,False,False,False,False,False,False,False,False,HOLD,50.0,Hold,False,False
Lucas Krull,DEN,TE,3,79.0,False,False,3.5,2.0,0.5,6.0,3.0,21.0,0.0,0.0,0.0,0.0,6.0,29.0,5.0,3.0,0.0,0.0,0.0,1.17,0.67,0.17,2.0,1.0,0.0,2.0,29.0,6.5,0.0,0.0,1.17,0.67,0.17,,,,2.0,,6.5,0.0,2.0,29.0,0.0,,,,,,,0.83,71.49,0.0,,1.9,,0,3,100.0,50.0,100.0,72.41,1.67,3.5,0.58,0.58,-10.19,-3.65,-43.94,-11.34,0.0,0.0,0.0,1.17,,,,3,1.9,2.0,42.0,8.7,6.5,WAS,,0,42.3,99.1,53.8,,65.1,Average,BLOCKING,False,65.0,33.6,59.0,32.8,3,STREAMER,-91.2,-89.7,-71.7,18.3,16.5,0,1,2,2,True,29.0,13.0,True,True,False,True,False,False,True,False,HOLD,75.0,"Hold - must start: smash spot vs WAS, scheme fit (Week 13 - after bye)",False,False
Luke Farrell,SF,TE,10,60.0,False,False,26.3,22.3,18.3,9.0,8.0,62.0,2.0,0.0,0.0,0.0,9.0,36.0,33.0,8.0,3.0,0.0,3.0,2.63,2.23,1.83,0.9,0.8,0.0,0.9,38.8,2.47,0.3,0.3,3.17,2.83,2.5,2.32,2.02,1.72,0.67,0.6,1.7,0.0,0.67,20.67,0.33,1.87,1.87,1.87,-0.33,-18.0,-0.33,3.53,134.4,0.0,0.0,9.5,9.5,0,8,80.0,88.89,100.0,172.22,4.12,6.89,2.92,2.92,-8.72,-4.75,-34.14,-15.37,2.0,0.2,45.63,3.63,1.27,1.05,4.75,11,0.0,0.0,29.0,0.0,1.86,CAR,True,0,26.1,37.0,29.8,91.8,46.2,Volatile,BLOCKING,True,65.0,50.0,36.9,49.2,2,TE2,-80.1,-76.9,-36.3,16.1,12.3,4,2,2,1,True,6.0,12.0,False,False,True,False,False,False,False,True,BUY,40.0,"Speculative buy: tough matchup vs CAR, scheme mismatch",False,True
Luke Musgrave,GB,TE,9,66.0,False,False,18.7,14.2,9.7,11.0,9.0,59.0,0.0,0.0,0.0,0.0,11.0,71.0,17.0,9.0,0.0,0.0,0.0,2.08,1.58,1.08,1.22,1.0,0.0,1.22,32.56,4.33,0.0,0.0,2.93,2.1,1.27,2.1,1.5,0.9,2.0,1.6,6.5,0.0,2.0,33.33,0.0,1.83,1.33,0.83,1.0,-2.33,1.0,2.1,100.97,0.9,0.0,6.4,6.4,0,9,100.0,81.82,100.0,83.1,1.89,5.36,1.7,1.7,-9.28,-4.43,-40.39,-13.51,0.0,0.0,0.0,2.2,1.65,2.63,0.9,11,0.9,2.0,35.0,8.0,5.44,MIN,True,0,71.2,50.0,42.3,93.8,64.3,Average,BLOCKING,False,65.0,44.7,46.7,38.1,3,STREAMER,-84.3,-81.7,-49.6,16.9,13.7,4,4,3,1,False,5.0,12.0,False,False,True,False,False,True,False,True,BUY,35.0,"Speculative buy: tough matchup vs MIN, scheme mismatch, unfavorable game script",False,True
Luke Schoonmaker,DAL,TE,9,72.0,False,False,14.3,10.3,6.3,14.0,8.0,63.0,0.0,0.0,0.0,0.0,14.0,118.0,36.0,9.0,2.0,0.0,2.0,1.59,1.14,0.7,1.56,0.89,0.0,1.56,34.67,4.53,0.22,0.22,2.3,1.8,1.3,2.0,1.5,1.0,1.67,1.8,4.73,0.0,1.67,34.33,0.33,0.33,0.5,0.67,-0.33,-5.33,-0.33,1.43,89.77,0.0,0.0,4.5,4.5,0,9,100.0,57.14,88.89,53.39,4.5,4.5,1.02,1.02,-9.76,-4.09,-38.28,-13.31,0.0,0.0,0.0,0.5,1.97,3.45,0.0,11,0.0,0.0,45.0,0.0,5.44,PHI,True,0,56.8,68.5,51.0,51.5,57.0,Average,BLOCKING,False,65.0,40.2,50.0,43.0,3,STREAMER,-88.0,-86.0,-61.5,14.1,19.1,4,2,1,3,False,16.0,12.0,False,False,False,False,False,False,False,False,HOLD,50.0,Hold,False,False
Mark Andrews,BAL,TE,10,17.0,False,True,99.9,83.9,67.9,41.0,32.0,279.0,5.0,7.0,43.0,1.0,48.0,307.0,64.0,34.0,16.0,6.0,22.0,9.99,8.39,6.79,4.1,3.2,0.7,4.8,66.2,15.7,1.6,2.2,14.23,12.9,11.57,11.14,9.64,8.14,4.33,4.4,16.97,1.0,5.33,58.0,4.0,8.5,8.67,8.83,0.33,-7.33,0.33,7.57,75.77,10.4,6.4,16.6,16.6,3,5,50.0,78.05,94.12,90.88,2.0,6.8,2.44,2.08,-1.36,-1.55,-6.74,-2.14,6.0,0.6,36.04,10.0,6.93,11.5,13.05,11,15.7,5.0,61.0,20.0,16.66,NYJ,True,0,53.2,69.4,66.3,92.8,70.4,Reliable,RECEIVING,False,65.0,86.9,79.5,82.0,1,TE1,-24.5,-12.2,141.9,12.7,14.0,4,2,3,2,False,11.0,12.0,False,False,False,False,False,True,False,False,BUY,65.0,Buy: unfavorable game script,False,False
Mason Taylor,NYJ,TE,10,29.0,False,False,69.6,52.6,35.6,47.0,34.0,291.0,1.0,0.0,0.0,0.0,47.0,282.0,92.0,38.0,16.0,0.0,16.0,6.96,5.26,3.56,4.7,3.4,0.0,4.7,81.7,16.26,1.6,1.6,7.6,5.93,4.27,6.02,4.62,3.22,4.67,4.0,20.1,0.0,4.67,76.33,4.33,-0.73,-0.23,0.27,-1.33,-14.67,-1.33,5.5,79.09,1.4,1.2,14.4,14.4,1,7,70.0,72.34,89.47,103.19,2.71,6.19,1.48,1.48,-4.39,-0.95,8.76,-1.58,1.0,0.1,8.62,3.43,10.13,10.25,4.2,11,7.0,4.0,75.0,15.4,16.54,BAL,False,0,75.7,52.8,61.5,37.1,56.8,Average,RECEIVING,False,65.0,75.4,82.0,93.4,1,TE1,-47.4,-38.8,68.5,14.7,15.6,5,3,3,2,False,20.0,12.0,False,False,False,False,False,False,False,False,HOLD,50.0,Hold,False,False
Michael Mayer,LV,TE,7,47.0,False,False,27.8,18.8,9.8,26.0,18.0,147.0,0.0,0.0,0.0,0.0,26.0,116.0,93.0,19.0,7.0,0.0,7.0,3.97,2.69,1.4,3.71,2.57,0.0,3.71,60.14,12.06,1.0,1.0,5.03,3.53,2.03,3.42,2.42,1.42,5.0,3.6,14.9,0.0,5.0,74.0,2.0,3.4,2.73,2.07,2.67,28.67,2.67,2.38,59.99,4.3,0.0,5.6,5.6,0,7,100.0,69.23,94.74,126.72,5.17,5.65,1.07,1.07,-7.38,-1.93,-12.8,-5.79,0.0,0.0,0.0,3.57,,3.8,4.75,11,4.3,4.0,77.0,10.3,12.04,CLE,True,0,3.6,76.9,81.7,95.9,64.5,Average,HYBRID,False,65.0,60.7,74.6,77.9,2,TE2,-70.0,-65.1,-3.9,16.4,14.1,2,1,2,1,False,1.0,12.0,False,False,True,False,False,True,False,True,BUY,45.0,"Speculative buy: tough matchup vs CLE, scheme mismatch, unfavorable game script",False,True
Mike Gesicki,CIN,TE,6,63.0,False,False,14.1,11.1,8.1,15.0,6.0,57.0,0.0,0.0,0.0,0.0,15.0,113.0,9.0,6.0,3.0,0.0,3.0,2.35,1.85,1.35,2.5,1.0,0.0,2.5,37.0,9.08,0.5,0.5,1.77,1.27,0.77,2.34,1.84,1.34,2.0,2.4,5.67,0.0,2.0,36.33,0.0,-1.17,-1.17,-1.17,-1.0,-1.33,-1.0,1.51,64.34,0.0,0.0,3.5,4.8,0,6,100.0,40.0,100.0,50.44,1.5,3.8,0.94,0.94,-9.0,-3.15,-35.94,-8.76,0.0,0.0,0.0,2.93,1.77,,,6,0.0,0.0,3.0,0.0,8.3,NE,True,0,14.4,57.4,76.0,21.6,42.4,Volatile,HYBRID,False,65.0,47.5,66.4,46.7,3,STREAMER,-82.2,-79.4,-43.1,9.7,14.0,5,1,3,1,False,22.0,12.0,False,False,False,False,True,False,False,False,HOLD,55.0,Hold: favorable game script,False,False
Mitchell Evans,CAR,TE,10,55.0,False,False,30.4,26.4,22.4,10.0,8.0,85.0,2.0,0.0,0.0,0.0,10.0,60.0,36.0,8.0,5.0,0.0,5.0,3.04,2.64,2.24,1.0,0.8,0.0,1.0,34.1,3.4,0.5,0.5,1.6,1.27,0.93,1.58,1.28,0.98,1.0,0.8,2.93,0.0,1.0,37.0,1.0,-1.9,-1.9,-1.9,0.33,-3.33,0.33,3.6,118.56,0.0,0.0,4.8,4.8,0,9,90.0,80.0,100.0,141.67,4.5,8.5,3.04,3.04,-8.31,-4.65,-38.84,-14.44,2.0,0.2,39.47,1.27,7.27,0.0,2.4,11,4.8,2.0,38.0,4.5,2.72,SF,False,0,25.2,26.9,37.5,16.5,26.5,Risky,BLOCKING,False,65.0,54.1,39.8,40.2,2,TE2,-77.0,-73.3,-26.4,14.3,21.7,5,3,1,3,True,26.0,12.0,False,True,False,False,True,False,True,False,SELL,85.0,"Strong sell: good matchup vs SF, scheme fit, favorable game script",False,False
Mo Alie-Cox,IND,TE,10,87.0,False,False,9.0,7.0,5.0,8.0,4.0,62.0,0.0,0.0,0.0,0.0,8.0,41.0,52.0,5.0,3.0,0.0,3.0,0.9,0.7,0.5,0.8,0.4,0.0,0.8,41.8,2.57,0.3,0.3,0.0,0.0,0.0,0.84,0.64,0.44,0.67,1.2,1.97,0.0,0.67,37.33,0.33,-1.4,-1.07,-0.73,-0.67,-11.33,-0.67,1.16,128.91,0.0,0.0,0.0,2.6,0,10,100.0,50.0,80.0,151.22,13.0,7.75,1.12,1.12,-10.45,-4.85,-31.14,-15.27,0.0,0.0,0.0,1.6,0.87,0.53,0.0,10,0.0,1.0,45.0,3.8,3.78,KC,False,0,55.9,36.1,31.7,3.6,31.8,Volatile,BLOCKING,False,65.0,27.0,34.8,54.1,3,STREAMER,-93.2,-92.1,-78.2,18.5,15.0,3,5,2,1,False,11.0,12.0,False,False,False,False,False,False,False,False,HOLD,50.0,Hold,False,False
Moliki Matavao,NO,TE,3,105.0,False,False,0.0,0.0,0.0,0.0,0.0,0.0,0.0,0.0,0.0,0.0,0.0,0.0,0.0,0.0,0.0,0.0,0.0,0.0,0.0,0.0,0.0,0.0,0.0,0.0,5.33,0.0,0.0,0.0,0.0,0.0,0.0,,,,0.0,,0.0,0.0,0.0,5.33,0.0,,,,,,,0.0,0.0,0.0,,0.0,,0,3,100.0,0.0,,,,,,,-11.35,-5.65,-67.61,-17.84,0.0,0.0,0.0,0.0,0.0,,,4,0.0,0.0,9.0,0.0,0.0,ATL,True,0,98.2,,,,,Insufficient Data,BLOCKING,False,65.0,6.6,4.9,3.3,5,BENCH,-100.0,-100.0,-100.0,19.7,17.3,1,2,2,4,False,24.0,12.0,False,True,False,False,False,True,True,False,HOLD,65.0,"Hold: good matchup vs ATL, scheme fit, unfavorable game script",False,False
Nate Adkins,DEN,TE,6,57.0,False,False,16.8,13.8,10.8,10.0,6.0,48.0,1.0,0.0,0.0,0.0,10.0,29.0,26.0,7.0,2.0,0.0,2.0,2.8,2.3,1.8,1.67,1.0,0.0,1.67,34.67,4.57,0.33,0.33,4.77,4.1,3.43,3.36,2.76,2.16,2.0,2.0,5.83,0.0,2.0,31.67,0.67,3.93,3.6,3.27,0.67,-6.0,0.67,3.68,131.47,0.0,0.0,10.3,10.3,0,5,83.33,60.0,85.71,165.52,4.33,4.8,1.68,1.68,-8.55,-3.98,-38.28,-13.28,1.0,0.17,35.71,0.0,4.27,2.0,,8,0.0,1.0,25.0,3.7,5.48,WAS,,0,91.9,55.6,28.8,100.0,69.1,Average,BLOCKING,False,65.0,52.0,53.3,43.0,2,TE2,-78.8,-75.4,-32.2,15.5,16.5,1,1,2,2,True,29.0,13.0,True,True,False,True,False,False,True,False,BUY,95.0,"Strong buy: smash spot vs WAS, scheme fit (Week 13 - after bye)",False,False
Nick Kallerup,SEA,TE,2,,False,False,0.0,0.0,0.0,0.0,0.0,0.0,0.0,0.0,0.0,0.0,0.0,0.0,0.0,0.0,0.0,0.0,0.0,0.0,0.0,0.0,0.0,0.0,0.0,0.0,17.5,0.0,0.0,0.0,,,,,,,,,,,,,,,,,,,,,,,,,,0,2,100.0,0.0,,,,,,,-11.35,-5.65,-55.44,-17.84,0.0,0.0,0.0,,,0.0,0.0,11,0.0,0.0,13.0,0.0,0.0,TEN,False,0,,,,,,Insufficient Data,BLOCKING,False,65.0,6.6,4.9,19.7,5,BENCH,-100.0,-100.0,-100.0,25.0,17.4,0,1,2,3,False,23.0,12.0,False,True,False,False,False,False,True,False,,,,False,False
Noah Fant,CIN,TE,9,27.0,False,False,69.6,54.1,38.6,35.0,31.0,254.0,3.0,0.0,0.0,0.0,35.0,93.0,158.0,33.0,4.0,0.0,4.0,7.73,6.01,4.29,3.89,3.44,0.0,3.89,43.22,12.52,0.44,0.44,8.17,6.5,4.83,9.12,7.32,5.52,4.0,4.0,10.4,0.0,4.0,47.0,0.67,1.13,0.8,0.47,1.33,0.0,1.33,4.06,52.5,6.6,6.6,10.8,14.4,0,6,66.67,88.57,93.94,273.12,5.1,7.26,1.99,1.99,-3.62,-1.76,-29.72,-5.32,3.0,0.33,25.86,8.0,3.35,10.77,6.6,11,6.6,6.0,48.0,15.4,10.02,NE,True,0,36.9,81.5,88.5,50.5,64.4,Average,HYBRID,False,65.0,77.9,77.0,56.6,1,TE1,-41.6,-32.1,87.1,14.0,14.0,4,3,3,1,False,22.0,12.0,False,False,False,False,True,False,False,False,HOLD,55.0,Hold: favorable game script,False,False
Noah Gray,KC,TE,9,65.0,False,False,19.2,13.7,8.2,18.0,11.0,84.0,0.0,0.0,0.0,0.0,18.0,100.0,57.0,11.0,4.0,0.0,4.0,2.13,1.52,0.91,2.0,1.22,0.0,2.0,54.22,5.67,0.44,0.44,2.4,1.73,1.07,2.2,1.7,1.2,2.67,1.8,7.63,0.0,2.67,47.67,1.0,0.77,0.43,0.1,2.0,-9.33,2.0,1.72,80.56,0.0,0.0,4.3,4.3,0,9,100.0,61.11,100.0,84.0,5.18,4.67,1.07,1.07,-9.22,-3.65,-18.72,-12.18,0.0,0.0,0.0,2.37,0.55,2.7,2.9,11,2.9,3.0,51.0,7.0,5.16,IND,True,0,63.1,38.0,60.6,59.8,55.4,Average,BLOCKING,False,65.0,45.9,59.0,71.3,3,STREAMER,-83.9,-81.3,-48.4,20.4,19.1,2,4,1,2,False,17.0,12.0,False,False,False,False,True,False,False,False,HOLD,55.0,Hold: favorable game script,False,False
Oronde Gadsden II,LAC,TE,8,10.0,True,True,95.3,77.3,59.3,48.0,36.0,493.0,2.0,0.0,0.0,0.0,48.0,400.0,169.0,39.0,24.0,0.0,24.0,11.91,9.66,7.41,6.0,4.5,0.0,6.0,65.62,17.32,3.0,3.0,7.4,5.73,4.07,14.06,11.86,9.66,5.33,6.0,18.97,0.0,5.33,73.33,5.33,-12.57,-11.07,-9.57,-2.0,-3.67,-2.0,8.05,67.55,4.3,4.3,11.8,29.4,2,3,37.5,75.0,92.31,123.25,4.69,10.27,1.99,1.99,0.56,0.35,-7.32,-0.52,2.0,0.25,12.59,9.6,7.7,19.97,5.2,11,6.1,5.0,88.0,20.8,18.88,LV,,0,10.8,95.4,75.0,13.4,48.6,Volatile,RECEIVING,False,65.0,92.6,91.8,80.3,1,TE1,-10.0,4.6,188.3,15.1,17.7,4,3,1,1,True,32.0,13.0,True,True,False,True,False,False,True,False,SELL,95.0,"Strong sell: smash spot vs LV, scheme fit (Week 13 - after bye)",False,False
Pat Freiermuth,PIT,TE,9,31.0,False,False,57.2,47.2,37.2,24.0,20.0,249.0,2.0,0.0,0.0,0.0,24.0,140.0,137.0,20.0,8.0,0.0,8.0,6.36,5.24,4.13,2.67,2.22,0.0,2.67,48.67,9.16,0.89,0.89,4.5,3.33,2.17,8.74,7.44,6.14,2.67,3.0,8.87,0.0,2.67,46.33,1.67,-5.57,-5.73,-5.9,0.33,3.33,0.33,7.96,125.27,2.9,2.1,6.3,28.1,1,8,88.89,83.33,100.0,177.86,6.85,10.38,2.38,2.38,-5.0,-2.98,-24.28,-8.69,2.0,0.22,20.98,4.5,1.05,16.2,4.6,11,2.9,1.0,46.0,3.4,9.64,CHI,False,0,41.4,60.2,34.6,15.5,37.9,Volatile,HYBRID,False,65.0,73.8,67.6,65.6,2,TE2,-51.9,-44.1,54.0,8.8,15.9,5,0,2,2,False,13.0,12.0,False,False,False,False,False,False,False,False,SELL,70.0,Sell,False,False
Payne Durham,TB,TE,9,105.0,False,False,0.0,0.0,0.0,1.0,0.0,0.0,0.0,0.0,0.0,0.0,1.0,-3.0,0.0,0.0,0.0,0.0,0.0,0.0,0.0,0.0,0.11,0.0,0.0,0.11,32.56,0.26,0.0,0.0,0.0,0.0,0.0,0.0,0.0,0.0,0.33,0.2,0.77,0.0,0.33,39.33,0.0,0.0,0.0,0.0,0.33,7.33,0.33,0.0,0.0,0.0,0.0,0.0,0.0,0,9,100.0,0.0,,,,0.0,0.0,0.0,-11.35,-5.54,-40.39,-17.59,0.0,0.0,0.0,0.0,0.0,0.0,0.0,10,0.0,1.0,28.0,2.3,0.46,LAR,False,0,55.0,4.2,,45.9,35.0,Volatile,BLOCKING,False,65.0,6.6,13.1,38.1,5,BENCH,-100.0,-100.0,-100.0,18.7,10.6,1,3,5,1,False,21.0,12.0,False,False,False,False,False,False,False,False,HOLD,50.0,Hold,False,False
Quintin Morris,JAC,TE,5,95.0,False,False,2.1,1.6,1.1,3.0,1.0,11.0,0.0,0.0,0.0,0.0,3.0,23.0,0.0,1.0,0.0,0.0,0.0,0.42,0.32,0.22,0.6,0.2,0.0,0.6,26.6,2.72,0.0,0.0,0.7,0.53,0.37,0.42,0.32,0.22,1.0,0.6,4.53,0.0,1.0,42.33,0.0,,,,,,,0.84,200.0,0.0,0.0,2.1,2.1,0,5,100.0,33.33,100.0,47.83,0.0,3.67,0.7,0.7,-10.93,-5.05,-46.34,-15.12,0.0,0.0,0.0,,0.0,,1.05,11,2.1,3.0,70.0,13.6,2.72,ARI,False,0,1.8,10.2,10.6,,7.5,Risky,BLOCKING,False,65.0,20.5,30.3,31.1,4,STREAMER,-96.8,-96.3,-89.8,16.8,15.6,0,1,2,2,False,8.0,12.0,False,False,True,False,False,False,False,True,HOLD,30.0,"Hold - consider benching: tough matchup vs ARI, scheme mismatch",False,True
Robert Tonyan,KC,TE,9,104.0,False,False,1.1,0.6,0.1,1.0,1.0,1.0,0.0,0.0,0.0,0.0,1.0,1.0,0.0,1.0,0.0,0.0,0.0,0.12,0.07,0.01,0.11,0.11,0.0,0.11,13.67,0.26,0.0,0.0,0.37,0.2,0.03,0.22,0.12,0.02,0.33,0.2,0.77,0.0,0.33,9.33,0.0,0.37,0.2,0.03,0.33,-10.67,0.33,0.35,282.84,0.0,0.0,1.1,1.1,0,9,100.0,100.0,100.0,100.0,0.0,1.0,1.1,1.1,-11.23,-5.54,-59.28,-17.59,0.0,0.0,0.0,0.0,0.0,0.0,1.1,11,1.1,1.0,11.0,2.3,0.46,IND,True,0,88.3,4.2,2.4,78.4,43.3,Volatile,BLOCKING,False,65.0,13.1,13.1,16.4,4,STREAMER,-99.1,-98.9,-97.1,20.4,19.1,2,4,1,2,False,17.0,12.0,False,False,False,False,True,False,False,False,HOLD,55.0,Hold: favorable game script,False,False
Ross Dwelley,DET,TE,6,105.0,False,False,0.0,0.0,0.0,1.0,0.0,0.0,0.0,0.0,0.0,0.0,1.0,0.0,0.0,0.0,0.0,0.0,0.0,0.0,0.0,0.0,0.17,0.0,0.0,0.17,9.5,0.52,0.0,0.0,0.0,0.0,0.0,0.0,0.0,0.0,0.33,0.2,1.03,0.0,0.33,9.0,0.0,0.0,0.0,0.0,0.33,-1.0,0.33,0.0,0.0,0.0,0.0,0.0,0.0,0,6,100.0,0.0,,,,0.0,0.0,0.0,-11.35,-5.48,-63.44,-17.33,0.0,0.0,0.0,0.0,0.0,0.0,0.0,11,0.0,0.0,2.0,0.0,0.62,NYG,True,0,91.0,9.3,,45.9,48.7,Volatile,BLOCKING,False,65.0,6.6,16.4,10.7,5,BENCH,-100.0,-100.0,-100.0,18.0,16.6,1,2,2,2,False,28.0,12.0,False,True,False,True,False,False,True,False,HOLD,75.0,"Hold - must start: smash spot vs NYG, scheme fit",False,False
Sam LaPorta,DET,TE,8,12.0,True,True,86.7,67.7,48.7,48.0,38.0,450.0,2.0,0.0,0.0,0.0,48.0,278.0,236.0,38.0,5.0,0.0,5.0,10.84,8.46,6.09,6.0,4.75,0.0,6.0,90.25,18.69,0.62,0.62,12.17,9.83,7.5,11.98,9.78,7.58,5.33,5.2,16.17,0.0,5.33,91.0,0.33,1.93,1.6,1.27,0.67,0.0,0.67,5.65,52.13,4.5,4.5,21.7,21.7,2,4,50.0,79.17,100.0,161.87,6.21,9.38,1.81,1.81,-0.52,0.35,17.31,0.84,2.0,0.25,13.84,8.93,11.7,13.1,10.3,10,10.3,5.0,76.0,15.6,17.34,NYG,True,0,78.4,88.0,87.5,52.6,76.6,Reliable,RECEIVING,False,65.0,91.0,91.8,99.2,1,TE1,-18.1,-4.8,162.4,14.1,16.6,3,2,2,2,False,28.0,12.0,False,True,False,True,False,False,True,False,BUY,85.0,"Strong buy: smash spot vs NYG, scheme fit",False,False
Shane Zylstra,DET,TE,1,,False,False,0.0,0.0,0.0,0.0,0.0,0.0,0.0,0.0,0.0,0.0,0.0,0.0,0.0,0.0,0.0,0.0,0.0,0.0,0.0,0.0,0.0,0.0,0.0,0.0,9.0,0.0,0.0,0.0,,,,,,,,,,,,,,,,,,,,,,,,,,0,1,100.0,0.0,,,,,,,-11.35,-5.65,-63.94,-17.84,0.0,0.0,0.0,0.0,,,,1,0.0,0.0,9.0,0.0,0.0,NYG,True,0,,,,,,Insufficient Data,BLOCKING,False,65.0,6.6,4.9,7.8,5,BENCH,-100.0,-100.0,-100.0,3.0,16.6,1,0,2,2,False,28.0,12.0,False,True,False,True,False,False,True,False,,,,False,False
Stone Smartt,NYJ,TE,2,,False,False,0.0,0.0,0.0,0.0,0.0,0.0,0.0,0.0,0.0,0.0,0.0,0.0,0.0,0.0,0.0,0.0,0.0,0.0,0.0,0.0,0.0,0.0,0.0,0.0,3.0,0.0,0.0,0.0,,,,,,,,,,,,,,,,,,,,,,,,,,0,2,100.0,0.0,,,,,,,-11.35,-5.65,-69.94,-17.84,0.0,0.0,0.0,,0.0,,0.0,10,0.0,0.0,4.0,0.0,0.0,BAL,False,0,,,,,,Insufficient Data,BLOCKING,False,65.0,6.6,4.9,2.5,5,BENCH,-100.0,-100.0,-100.0,1.5,15.6,2,0,3,2,False,20.0,12.0,False,False,False,False,False,False,False,False,,,,False,False
T.J. Hockenson,MIN,TE,9,25.0,False,False,71.2,54.2,37.2,46.0,34.0,275.0,2.0,0.0,0.0,0.0,46.0,233.0,150.0,37.0,16.0,0.0,16.0,7.91,6.02,4.13,5.11,3.78,0.0,5.11,80.0,17.64,1.78,1.78,6.87,5.7,4.53,8.14,6.24,4.34,4.0,5.4,13.93,0.0,4.0,79.67,3.0,-2.47,-0.97,0.53,-2.67,-7.33,-2.67,3.81,48.18,4.6,4.6,9.1,10.3,1,5,55.56,73.91,91.89,118.03,4.41,5.98,1.55,1.55,-3.44,-0.54,7.06,-0.2,2.0,0.22,16.85,7.53,8.85,8.0,6.9,11,6.9,6.0,80.0,18.8,16.38,GB,False,0,85.6,91.7,92.3,27.8,74.4,Reliable,RECEIVING,False,65.0,79.5,85.2,91.8,1,TE1,-40.2,-30.5,91.5,15.9,18.0,2,3,2,3,False,3.0,12.0,False,False,True,False,False,False,False,True,SELL,40.0,"Consider selling: tough matchup vs GB, scheme mismatch",False,False
Tanner Conner,MIA,TE,8,69.0,False,False,16.3,11.3,6.3,18.0,10.0,103.0,0.0,0.0,0.0,0.0,18.0,115.0,41.0,11.0,3.0,0.0,3.0,2.04,1.41,0.79,2.25,1.25,0.0,2.25,38.0,7.24,0.38,0.38,2.13,1.63,1.13,2.0,1.5,1.0,2.0,1.6,6.7,0.0,2.0,40.33,0.33,0.17,0.17,0.17,0.67,14.0,0.67,1.67,81.83,0.0,0.0,3.8,3.8,0,8,100.0,55.56,90.91,89.57,4.1,5.72,0.91,0.91,-9.32,-3.4,-34.94,-10.61,0.0,0.0,0.0,2.1,1.8,2.13,,9,0.0,1.0,45.0,2.7,5.2,NO,,0,33.3,66.7,54.8,49.5,51.1,Average,BLOCKING,False,65.0,42.6,64.3,48.0,3,STREAMER,-84.6,-82.1,-50.6,15.8,17.0,2,2,2,2,True,7.0,13.0,True,False,True,False,False,True,False,True,HOLD,25.0,"Hold - consider benching: tough matchup vs NO, scheme mismatch, unfavorable game script (Week 13 - after bye)",False,True
Tanner Hudson,CIN,TE,6,46.0,False,False,24.3,19.3,14.3,12.0,10.0,83.0,1.0,0.0,0.0,0.0,12.0,51.0,40.0,10.0,6.0,0.0,6.0,4.05,3.22,2.38,2.0,1.67,0.0,2.0,16.17,5.12,1.0,1.0,4.43,3.43,2.43,4.86,3.86,2.86,2.33,2.4,6.07,0.0,2.33,22.67,1.33,0.77,0.43,0.1,0.67,13.0,0.67,3.91,96.51,1.9,0.0,6.2,11.0,0,5,83.33,83.33,100.0,162.75,4.0,6.92,2.02,2.02,-7.3,-3.65,-56.78,-12.73,1.0,0.17,24.69,,3.67,4.05,5.2,11,5.2,3.0,33.0,7.7,6.14,NE,True,0,45.0,40.3,43.3,54.6,45.8,Volatile,BLOCKING,False,65.0,61.5,59.0,18.9,2,TE2,-69.4,-64.4,-1.9,15.7,14.0,2,2,3,1,False,22.0,12.0,False,False,False,False,True,False,False,False,HOLD,55.0,Hold: favorable game script,False,False
Taysom Hill,NO,TE,6,57.0,False,False,16.8,15.3,13.8,4.0,3.0,18.0,0.0,22.0,52.0,1.0,26.0,13.0,7.0,3.0,0.0,7.0,7.0,2.8,2.55,2.3,0.67,0.5,3.67,4.33,19.5,2.05,0.0,1.17,2.4,2.23,2.07,3.22,2.92,2.62,0.67,0.8,1.93,4.33,5.0,22.0,0.0,-0.8,-0.63,-0.47,0.0,5.0,1.33,1.65,58.94,2.0,2.0,3.0,6.1,0,6,100.0,75.0,100.0,138.46,2.33,4.5,4.2,0.65,-8.55,-4.98,-53.44,-15.79,1.0,0.17,35.71,,3.4,2.67,2.0,10,2.0,1.0,37.0,3.8,2.46,ATL,True,0,62.2,28.7,82.7,29.9,50.9,Average,BLOCKING,False,65.0,52.0,32.4,21.3,2,TE2,-78.8,-75.4,-32.2,20.2,17.3,1,2,2,4,False,24.0,12.0,False,True,False,False,False,True,True,False,HOLD,65.0,"Hold: good matchup vs ATL, scheme fit, unfavorable game script",False,False
Terrance Ferguson,LAR,TE,6,44.0,False,False,24.8,22.3,19.8,11.0,5.0,138.0,1.0,0.0,0.0,0.0,11.0,247.0,33.0,5.0,0.0,0.0,0.0,4.13,3.72,3.3,1.83,0.83,0.0,1.83,25.5,5.47,0.0,0.0,3.87,3.37,2.87,4.96,4.46,3.96,2.33,2.2,7.17,0.0,2.33,30.33,0.0,-0.53,-0.7,-0.87,1.0,9.67,1.0,3.69,89.17,0.0,0.0,7.4,10.1,0,5,83.33,45.45,100.0,55.87,6.6,12.55,2.25,2.25,-7.22,-3.81,-47.44,-12.38,1.0,0.17,24.19,0.0,3.1,8.75,2.1,11,0.0,0.0,29.0,0.0,6.56,TB,True,0,21.6,41.7,48.1,36.1,36.9,Volatile,BLOCKING,False,65.0,63.1,57.4,27.0,2,TE2,-68.8,-63.7,-0.0,17.5,17.3,2,3,3,3,False,31.0,12.0,False,True,False,True,True,False,True,False,HOLD,80.0,"Hold - must start: smash spot vs TB, scheme fit, favorable game script",False,False
Theo Johnson,NYG,TE,10,19.0,False,True,94.4,79.4,64.4,49.0,30.0,285.0,5.0,0.0,0.0,0.0,49.0,312.0,135.0,35.0,11.0,0.0,11.0,9.44,7.94,6.44,4.9,3.0,0.0,4.9,85.9,16.7,1.1,1.1,10.4,8.23,6.07,10.3,8.5,6.7,6.0,5.8,20.67,0.0,6.0,93.67,0.67,-3.47,-3.8,-4.13,0.0,7.0,0.0,6.13,64.93,5.0,4.7,14.5,15.6,2,5,50.0,61.22,85.71,91.35,4.5,5.82,1.93,1.93,-1.91,-0.75,12.96,-1.14,5.0,0.5,31.78,3.63,12.23,10.77,14.5,10,14.5,8.0,97.0,25.0,19.72,DET,False,0,74.8,85.2,76.9,28.9,66.4,Average,RECEIVING,False,65.0,85.2,82.8,96.7,1,TE1,-28.7,-17.1,128.5,16.2,22.8,2,2,1,3,True,30.0,12.0,False,True,False,True,False,False,True,False,SELL,95.0,"Strong sell: smash spot vs DET, scheme fit",False,False
Thomas Fidone II,NYG,TE,2,,False,False,0.0,0.0,0.0,0.0,0.0,0.0,0.0,0.0,0.0,0.0,0.0,0.0,0.0,0.0,0.0,0.0,0.0,0.0,0.0,0.0,0.0,0.0,0.0,0.0,11.5,0.0,0.0,0.0,,,,,,,,,,,,,,,,,,,,,,,,,,0,2,100.0,0.0,,,,,,,-11.35,-5.65,-61.44,-17.84,0.0,0.0,0.0,,,0.0,,9,0.0,0.0,19.0,0.0,0.0,DET,False,0,,,,,,Insufficient Data,BLOCKING,False,65.0,6.6,4.9,13.9,5,BENCH,-100.0,-100.0,-100.0,18.0,22.8,1,1,1,3,True,30.0,12.0,False,True,False,True,False,False,True,False,,,,False,False
Tip Reiman,ARI,TE,5,85.0,False,False,4.8,2.8,0.8,6.0,4.0,28.0,0.0,0.0,0.0,0.0,6.0,31.0,12.0,4.0,0.0,0.0,0.0,0.96,0.56,0.16,1.2,0.8,0.0,1.2,29.6,3.78,0.0,0.0,0.93,0.6,0.27,0.96,0.56,0.16,1.33,1.2,4.03,0.0,1.33,32.0,0.0,,,,,,,1.2,125.28,0.0,0.0,2.8,2.8,0,5,100.0,66.67,100.0,90.32,3.0,4.67,0.8,0.8,-10.39,-4.45,-43.34,-14.06,0.0,0.0,0.0,1.6,0.0,,,5,0.0,1.0,37.0,3.3,3.78,JAC,True,0,7.2,42.6,30.8,,26.9,Risky,BLOCKING,False,65.0,28.7,45.9,34.4,3,STREAMER,-92.7,-91.6,-76.8,15.2,18.3,2,2,2,2,False,9.0,12.0,False,False,True,False,True,False,False,True,HOLD,35.0,"Hold - consider benching: tough matchup vs JAC, scheme mismatch, favorable game script",False,True
Tommy Tremble,CAR,TE,10,41.0,False,False,42.4,34.4,26.4,22.0,16.0,166.0,1.0,0.0,0.0,0.0,22.0,77.0,130.0,17.0,7.0,0.0,7.0,4.24,3.44,2.64,2.2,1.6,0.0,2.2,59.3,7.96,0.7,0.7,2.13,1.97,1.8,3.14,2.54,1.94,1.0,1.6,3.27,0.0,1.0,60.0,1.33,-1.53,-0.7,0.13,-1.33,-5.0,-1.33,4.46,105.18,0.0,0.0,6.4,7.9,1,9,90.0,72.73,94.12,215.58,8.12,7.55,1.93,1.93,-7.11,-3.45,-13.64,-9.88,1.0,0.1,14.15,3.27,8.27,0.7,3.2,11,6.4,2.0,57.0,4.5,6.62,SF,False,0,39.6,33.3,41.3,20.6,33.7,Volatile,BLOCKING,False,65.0,66.0,63.1,77.0,2,TE2,-68.0,-62.7,2.7,14.3,21.7,5,3,1,3,True,26.0,12.0,False,True,False,False,True,False,True,False,SELL,85.0,"Strong sell: good matchup vs SF, scheme fit, favorable game script",False,False
Travis Kelce,KC,TE,9,4.0,True,True,125.3,104.3,83.3,57.0,42.0,539.0,4.0,0.0,0.0,0.0,57.0,316.0,293.0,44.0,17.0,0.0,17.0,13.92,11.59,9.26,6.33,4.67,0.0,6.33,77.56,17.39,1.89,1.89,19.53,16.37,13.2,17.22,14.32,11.42,8.67,7.4,24.13,0.0,8.67,85.0,3.67,7.1,6.43,5.77,3.33,15.67,3.33,5.9,42.36,12.6,8.4,24.1,24.1,3,1,11.11,73.68,95.45,170.57,6.98,9.46,2.2,2.2,2.57,0.69,4.61,-0.46,4.0,0.44,19.15,9.8,14.45,14.3,24.1,11,24.1,13.0,79.0,30.2,20.24,IND,True,0,70.3,77.8,97.1,62.9,77.0,Reliable,RECEIVING,False,65.0,97.5,94.3,89.3,1,TE1,5.2,22.3,237.0,20.4,19.1,2,4,1,2,False,17.0,12.0,False,False,False,False,True,False,False,False,BUY,75.0,Buy: favorable game script,False,False
Trey McBride,ARI,TE,9,1.0,True,True,157.3,126.8,96.3,90.0,61.0,586.0,6.0,0.0,0.0,0.0,90.0,601.0,279.0,62.0,19.0,0.0,19.0,17.48,14.09,10.7,10.0,6.78,0.0,10.0,90.11,29.24,2.11,2.11,24.53,20.53,16.53,20.78,17.08,13.38,11.67,10.6,32.9,0.0,11.67,86.33,3.0,10.37,9.7,9.03,2.0,-5.67,2.0,6.72,38.46,16.5,9.1,29.4,29.4,5,0,0.0,67.78,98.39,97.5,4.57,6.51,1.75,1.75,6.12,4.35,17.17,11.4,6.0,0.67,22.89,13.73,14.17,22.95,27.7,10,27.7,13.0,84.0,29.5,30.04,JAC,True,0,97.3,98.1,98.1,67.0,90.1,Elite,RECEIVING,False,65.0,100.0,100.0,98.4,1,TE1,32.1,53.6,323.2,14.3,18.3,3,2,2,2,False,9.0,12.0,False,False,True,False,True,False,False,True,BUY,55.0,"Speculative buy: tough matchup vs JAC, scheme mismatch, favorable game script",False,False
Tucker Fisk,LAC,TE,8,92.0,False,False,3.9,2.9,1.9,4.0,2.0,19.0,0.0,0.0,0.0,0.0,4.0,22.0,21.0,2.0,0.0,0.0,0.0,0.49,0.36,0.24,0.5,0.25,0.0,0.5,34.12,1.42,0.0,0.0,1.3,0.97,0.63,0.78,0.58,0.38,0.67,0.4,2.2,0.0,0.67,33.33,0.0,1.3,0.97,0.63,0.67,-6.0,0.67,0.85,175.09,0.0,0.0,2.2,2.2,0,8,100.0,50.0,100.0,86.36,10.5,4.75,0.98,0.98,-10.87,-5.15,-38.82,-16.42,0.0,0.0,0.0,0.0,0.0,0.73,0.85,11,0.0,0.0,15.0,0.0,1.32,LV,,0,27.0,32.4,15.4,78.4,38.3,Volatile,BLOCKING,False,65.0,23.0,27.5,41.0,4,STREAMER,-96.3,-95.7,-88.1,15.1,17.7,4,3,1,1,True,32.0,13.0,True,True,False,True,False,False,True,False,HOLD,75.0,"Hold - must start: smash spot vs LV, scheme fit (Week 13 - after bye)",False,False
Tucker Kraft,GB,TE,8,3.0,True,True,117.2,103.2,89.2,41.0,28.0,381.0,6.0,1.0,3.0,0.0,42.0,202.0,273.0,31.0,12.0,0.0,12.0,14.65,12.9,11.15,5.12,3.5,0.12,5.25,86.0,18.0,1.5,1.5,18.03,15.7,13.37,15.4,13.3,11.2,7.33,5.8,23.33,0.0,7.33,76.67,2.0,8.43,7.77,7.1,3.67,-15.0,3.67,9.23,63.02,4.0,4.0,33.3,33.3,3,2,25.0,68.29,90.32,188.61,9.75,9.29,2.86,2.79,3.3,-0.52,13.06,0.16,6.0,0.75,30.72,13.4,11.45,18.03,,9,4.0,3.0,49.0,8.6,18.32,MIN,True,0,29.7,71.3,77.9,70.1,62.2,Average,RECEIVING,False,65.0,98.4,86.1,97.5,1,TE1,10.7,28.7,254.7,15.5,13.7,4,3,3,1,False,5.0,12.0,False,False,True,False,False,True,False,True,BUY,45.0,"Speculative buy: tough matchup vs MIN, scheme mismatch, unfavorable game script",False,True
Tyler Conklin,LAC,TE,7,74.0,False,False,10.7,7.7,4.7,8.0,6.0,115.0,0.0,1.0,2.0,0.0,9.0,56.0,58.0,6.0,0.0,0.0,0.0,1.53,1.1,0.67,1.14,0.86,0.14,1.29,26.43,3.1,0.0,0.0,0.73,0.57,0.4,0.7,0.5,0.3,0.33,0.8,1.0,0.0,0.33,15.67,0.0,0.3,0.63,0.97,-1.33,-16.0,-1.33,2.45,160.27,0.0,0.0,2.2,2.2,0,7,100.0,75.0,100.0,205.36,9.67,14.38,1.34,1.19,-9.82,-4.5,-46.51,-14.74,0.0,0.0,0.0,2.4,0.65,0.0,2.2,10,2.2,1.0,32.0,3.0,1.98,LV,,0,20.7,50.9,23.1,64.9,39.9,Volatile,BLOCKING,False,65.0,38.9,45.1,30.3,3,STREAMER,-88.4,-86.6,-63.0,16.4,17.7,3,3,1,1,True,32.0,13.0,True,True,False,True,False,False,True,False,HOLD,75.0,"Hold - must start: smash spot vs LV, scheme fit (Week 13 - after bye)",False,False
Tyler Higbee,LAR,TE,8,37.0,False,False,37.0,31.0,25.0,22.0,12.0,113.0,1.0,0.0,0.0,0.0,22.0,108.0,73.0,14.0,11.0,0.0,11.0,4.62,3.88,3.12,2.75,1.5,0.0,2.75,53.12,8.24,1.38,1.38,6.63,5.47,4.3,5.86,4.66,3.46,3.0,4.0,9.7,0.0,3.0,48.33,3.0,3.5,3.17,2.83,-1.33,-0.67,-1.33,3.34,72.16,3.3,3.3,10.3,10.3,0,7,87.5,54.55,85.71,104.63,6.08,5.14,1.68,1.68,-6.73,-2.9,-19.82,-9.61,1.0,0.12,16.22,2.57,4.5,7.6,4.8,11,3.3,2.0,39.0,7.4,11.96,TB,True,0,46.8,49.1,69.2,84.5,62.4,Average,HYBRID,False,65.0,68.9,68.9,68.9,2,TE2,-65.1,-59.4,11.9,16.2,17.3,2,2,3,3,False,31.0,12.0,False,True,False,True,True,False,True,False,BUY,100.0,"Strong buy: smash spot vs TB, scheme fit, favorable game script",False,False
Tyler Warren,IND,TE,10,5.0,True,True,136.3,109.8,83.3,69.0,53.0,614.0,3.0,4.0,6.0,1.0,73.0,362.0,355.0,55.0,13.0,2.0,15.0,13.63,10.98,8.33,6.9,5.3,0.4,7.3,82.1,23.03,1.3,1.5,11.6,8.77,5.93,14.0,11.3,8.6,7.33,7.2,23.67,0.0,7.33,82.33,1.33,-4.93,-5.43,-5.93,1.33,-1.33,1.33,4.24,31.08,7.6,7.6,17.9,18.3,4,2,20.0,76.81,96.36,169.61,6.7,8.9,1.98,1.87,2.28,1.25,9.16,5.19,4.0,0.4,17.61,11.2,17.0,11.27,17.9,10,17.9,10.0,88.0,38.5,23.32,KC,False,0,66.7,96.3,99.0,25.8,72.0,Reliable,RECEIVING,False,65.0,96.7,98.0,94.3,1,TE1,3.0,19.8,230.0,18.5,15.0,3,5,2,1,False,11.0,12.0,False,False,False,False,False,False,False,False,SELL,70.0,Sell,False,False
Will Dissly,LAC,TE,4,67.0,False,False,8.3,6.3,4.3,5.0,4.0,54.0,0.0,0.0,0.0,0.0,5.0,19.0,44.0,4.0,0.0,0.0,0.0,2.08,1.58,1.08,1.25,1.0,0.0,1.25,35.5,3.25,0.0,0.0,1.83,1.33,0.83,,,,1.33,,3.37,0.0,1.33,28.33,0.0,,,,,,,1.41,67.93,0.0,,3.8,,0,4,100.0,80.0,100.0,284.21,11.0,10.8,1.66,1.66,-9.28,-4.4,-37.44,-14.59,0.0,0.0,0.0,2.25,3.8,0.0,,7,0.0,1.0,4.0,1.9,3.25,LV,,0,9.9,87.0,67.3,,54.7,Average,BLOCKING,False,65.0,44.7,47.5,45.1,3,STREAMER,-84.3,-81.7,-49.6,15.5,17.7,1,1,1,1,True,32.0,13.0,True,True,False,True,False,False,True,False,HOLD,75.0,"Hold - must start: smash spot vs LV, scheme fit (Week 13 - after bye)",False,False
Will Mallory,IND,TE,1,,False,False,0.0,0.0,0.0,0.0,0.0,0.0,0.0,0.0,0.0,0.0,0.0,0.0,0.0,0.0,0.0,0.0,0.0,0.0,0.0,0.0,0.0,0.0,0.0,0.0,8.0,0.0,0.0,0.0,,,,,,,,,,,,,,,,,,,,,,,,,,0,1,100.0,0.0,,,,,,,-11.35,-5.65,-64.94,-17.84,0.0,0.0,0.0,,0.0,,,5,0.0,0.0,8.0,0.0,0.0,KC,False,0,,,,,,Insufficient Data,BLOCKING,False,65.0,6.6,4.9,5.7,5,BENCH,-100.0,-100.0,-100.0,32.0,15.0,0,1,2,1,False,11.0,12.0,False,False,False,False,False,False,False,False,,,,False,False
Zach Ertz,WAS,TE,11,20.0,False,True,103.7,85.7,67.7,54.0,36.0,349.0,4.0,0.0,0.0,0.0,54.0,515.0,65.0,39.0,13.0,0.0,13.0,9.43,7.79,6.15,4.91,3.27,0.0,4.91,66.18,19.0,1.18,1.18,8.73,6.73,4.73,8.9,7.0,5.1,5.67,6.0,23.1,0.0,5.67,73.0,2.67,-2.8,-2.63,-2.47,-0.67,10.0,-0.67,4.93,52.25,8.2,5.6,9.4,12.7,2,4,36.36,66.67,92.31,67.77,1.81,6.46,1.92,1.92,-1.93,-0.74,-6.76,1.16,4.0,0.36,23.14,12.27,7.47,8.97,8.8,11,8.2,8.0,75.0,27.6,22.38,DEN,,0,50.5,89.8,89.4,30.9,65.2,Average,RECEIVING,False,65.0,84.4,83.6,81.1,1,TE1,-28.7,-17.1,128.3,17.4,15.7,2,4,2,1,True,10.0,13.0,True,False,True,False,False,False,False,True,SELL,40.0,"Consider selling: tough matchup vs DEN, scheme mismatch (Week 13 - after bye)",False,True
Zaire Mitchell-Paden,NO,TE,7,91.0,False,False,3.7,2.7,1.7,2.0,2.0,17.0,0.0,0.0,0.0,0.0,2.0,12.0,5.0,2.0,0.0,0.0,0.0,0.53,0.39,0.24,0.29,0.29,0.0,0.29,24.86,1.26,0.0,0.0,1.23,0.9,0.57,0.74,0.54,0.34,0.67,0.4,2.93,0.0,0.67,26.0,0.0,1.23,0.9,0.57,0.67,3.67,0.67,0.89,167.61,0.0,0.0,2.4,2.4,0,7,100.0,100.0,100.0,141.67,2.5,8.5,1.85,1.85,-10.82,-5.36,-48.08,-16.59,0.0,0.0,0.0,0.0,0.43,,2.4,10,2.4,1.0,38.0,3.8,1.76,ATL,True,0,73.9,19.4,17.3,78.4,47.2,Volatile,BLOCKING,False,65.0,24.2,19.3,26.2,4,STREAMER,-96.0,-95.3,-87.2,18.4,17.3,2,3,2,4,False,24.0,12.0,False,True,False,False,False,True,True,False,HOLD,65.0,"Hold: good matchup vs ATL, scheme fit, unfavorable game script",False,False
